<?xml version="1.0" encoding="UTF-8" standalone="yes"?>
<instance>
    <info>
        <name>C101.100_25-5-5-5</name>
        <problem>TRSP</problem>
        <reference>Pillac, V.; Gueret, C. &amp; Medaglia, A. L. A parallel matheuristic for the Technician Routing and Scheduling Problem Optimization Letters, 2012, in press, doi:10.1007/s11590-012-0567-4</reference>
        <contributor>
            <name>Victor Pillac</name>
            <email>vpillac@mines-nantes.fr</email>
        </contributor>
    </info>
    <network>
        <nodes>
            <node id="0" type="0">
                <location>
                    <euclidean>
                        <cx>40.0</cx>
                        <cy>50.0</cy>
                    </euclidean>
                </location>
            </node>
            <node id="1" type="1">
                <location>
                    <euclidean>
                        <cx>9.0</cx>
                        <cy>6.0</cy>
                    </euclidean>
                </location>
            </node>
            <node id="2" type="1">
                <location>
                    <euclidean>
                        <cx>77.0</cx>
                        <cy>88.0</cy>
                    </euclidean>
                </location>
            </node>
            <node id="3" type="1">
                <location>
                    <euclidean>
                        <cx>13.0</cx>
                        <cy>5.0</cy>
                    </euclidean>
                </location>
            </node>
            <node id="4" type="1">
                <location>
                    <euclidean>
                        <cx>23.0</cx>
                        <cy>24.0</cy>
                    </euclidean>
                </location>
            </node>
            <node id="5" type="1">
                <location>
                    <euclidean>
                        <cx>90.0</cx>
                        <cy>17.0</cy>
                    </euclidean>
                </location>
            </node>
            <node id="6" type="1">
                <location>
                    <euclidean>
                        <cx>11.0</cx>
                        <cy>7.0</cy>
                    </euclidean>
                </location>
            </node>
            <node id="7" type="1">
                <location>
                    <euclidean>
                        <cx>93.0</cx>
                        <cy>76.0</cy>
                    </euclidean>
                </location>
            </node>
            <node id="8" type="1">
                <location>
                    <euclidean>
                        <cx>27.0</cx>
                        <cy>54.0</cy>
                    </euclidean>
                </location>
            </node>
            <node id="9" type="1">
                <location>
                    <euclidean>
                        <cx>51.0</cx>
                        <cy>19.0</cy>
                    </euclidean>
                </location>
            </node>
            <node id="10" type="1">
                <location>
                    <euclidean>
                        <cx>16.0</cx>
                        <cy>73.0</cy>
                    </euclidean>
                </location>
            </node>
            <node id="11" type="1">
                <location>
                    <euclidean>
                        <cx>4.0</cx>
                        <cy>88.0</cy>
                    </euclidean>
                </location>
            </node>
            <node id="12" type="1">
                <location>
                    <euclidean>
                        <cx>23.0</cx>
                        <cy>7.0</cy>
                    </euclidean>
                </location>
            </node>
            <node id="13" type="1">
                <location>
                    <euclidean>
                        <cx>45.0</cx>
                        <cy>14.0</cy>
                    </euclidean>
                </location>
            </node>
            <node id="14" type="1">
                <location>
                    <euclidean>
                        <cx>38.0</cx>
                        <cy>54.0</cy>
                    </euclidean>
                </location>
            </node>
            <node id="15" type="1">
                <location>
                    <euclidean>
                        <cx>72.0</cx>
                        <cy>89.0</cy>
                    </euclidean>
                </location>
            </node>
            <node id="16" type="1">
                <location>
                    <euclidean>
                        <cx>8.0</cx>
                        <cy>91.0</cy>
                    </euclidean>
                </location>
            </node>
            <node id="17" type="1">
                <location>
                    <euclidean>
                        <cx>95.0</cx>
                        <cy>96.0</cy>
                    </euclidean>
                </location>
            </node>
            <node id="18" type="1">
                <location>
                    <euclidean>
                        <cx>57.0</cx>
                        <cy>29.0</cy>
                    </euclidean>
                </location>
            </node>
            <node id="19" type="1">
                <location>
                    <euclidean>
                        <cx>99.0</cx>
                        <cy>13.0</cy>
                    </euclidean>
                </location>
            </node>
            <node id="20" type="1">
                <location>
                    <euclidean>
                        <cx>85.0</cx>
                        <cy>30.0</cy>
                    </euclidean>
                </location>
            </node>
            <node id="21" type="1">
                <location>
                    <euclidean>
                        <cx>54.0</cx>
                        <cy>49.0</cy>
                    </euclidean>
                </location>
            </node>
            <node id="22" type="1">
                <location>
                    <euclidean>
                        <cx>82.0</cx>
                        <cy>100.0</cy>
                    </euclidean>
                </location>
            </node>
            <node id="23" type="1">
                <location>
                    <euclidean>
                        <cx>77.0</cx>
                        <cy>27.0</cy>
                    </euclidean>
                </location>
            </node>
            <node id="24" type="1">
                <location>
                    <euclidean>
                        <cx>91.0</cx>
                        <cy>19.0</cy>
                    </euclidean>
                </location>
            </node>
            <node id="25" type="1">
                <location>
                    <euclidean>
                        <cx>89.0</cx>
                        <cy>14.0</cy>
                    </euclidean>
                </location>
            </node>
            <node id="26" type="2">
                <location>
                    <euclidean>
                        <cx>45.0</cx>
                        <cy>68.0</cy>
                    </euclidean>
                </location>
            </node>
            <node id="27" type="2">
                <location>
                    <euclidean>
                        <cx>45.0</cx>
                        <cy>70.0</cy>
                    </euclidean>
                </location>
            </node>
            <node id="28" type="2">
                <location>
                    <euclidean>
                        <cx>42.0</cx>
                        <cy>66.0</cy>
                    </euclidean>
                </location>
            </node>
            <node id="29" type="2">
                <location>
                    <euclidean>
                        <cx>42.0</cx>
                        <cy>68.0</cy>
                    </euclidean>
                </location>
            </node>
            <node id="30" type="2">
                <location>
                    <euclidean>
                        <cx>42.0</cx>
                        <cy>65.0</cy>
                    </euclidean>
                </location>
            </node>
            <node id="31" type="2">
                <location>
                    <euclidean>
                        <cx>40.0</cx>
                        <cy>69.0</cy>
                    </euclidean>
                </location>
            </node>
            <node id="32" type="2">
                <location>
                    <euclidean>
                        <cx>40.0</cx>
                        <cy>66.0</cy>
                    </euclidean>
                </location>
            </node>
            <node id="33" type="2">
                <location>
                    <euclidean>
                        <cx>38.0</cx>
                        <cy>68.0</cy>
                    </euclidean>
                </location>
            </node>
            <node id="34" type="2">
                <location>
                    <euclidean>
                        <cx>38.0</cx>
                        <cy>70.0</cy>
                    </euclidean>
                </location>
            </node>
            <node id="35" type="2">
                <location>
                    <euclidean>
                        <cx>35.0</cx>
                        <cy>66.0</cy>
                    </euclidean>
                </location>
            </node>
            <node id="36" type="2">
                <location>
                    <euclidean>
                        <cx>35.0</cx>
                        <cy>69.0</cy>
                    </euclidean>
                </location>
            </node>
            <node id="37" type="2">
                <location>
                    <euclidean>
                        <cx>25.0</cx>
                        <cy>85.0</cy>
                    </euclidean>
                </location>
            </node>
            <node id="38" type="2">
                <location>
                    <euclidean>
                        <cx>22.0</cx>
                        <cy>75.0</cy>
                    </euclidean>
                </location>
            </node>
            <node id="39" type="2">
                <location>
                    <euclidean>
                        <cx>22.0</cx>
                        <cy>85.0</cy>
                    </euclidean>
                </location>
            </node>
            <node id="40" type="2">
                <location>
                    <euclidean>
                        <cx>20.0</cx>
                        <cy>80.0</cy>
                    </euclidean>
                </location>
            </node>
            <node id="41" type="2">
                <location>
                    <euclidean>
                        <cx>20.0</cx>
                        <cy>85.0</cy>
                    </euclidean>
                </location>
            </node>
            <node id="42" type="2">
                <location>
                    <euclidean>
                        <cx>18.0</cx>
                        <cy>75.0</cy>
                    </euclidean>
                </location>
            </node>
            <node id="43" type="2">
                <location>
                    <euclidean>
                        <cx>15.0</cx>
                        <cy>75.0</cy>
                    </euclidean>
                </location>
            </node>
            <node id="44" type="2">
                <location>
                    <euclidean>
                        <cx>15.0</cx>
                        <cy>80.0</cy>
                    </euclidean>
                </location>
            </node>
            <node id="45" type="2">
                <location>
                    <euclidean>
                        <cx>30.0</cx>
                        <cy>50.0</cy>
                    </euclidean>
                </location>
            </node>
            <node id="46" type="2">
                <location>
                    <euclidean>
                        <cx>30.0</cx>
                        <cy>52.0</cy>
                    </euclidean>
                </location>
            </node>
            <node id="47" type="2">
                <location>
                    <euclidean>
                        <cx>28.0</cx>
                        <cy>52.0</cy>
                    </euclidean>
                </location>
            </node>
            <node id="48" type="2">
                <location>
                    <euclidean>
                        <cx>28.0</cx>
                        <cy>55.0</cy>
                    </euclidean>
                </location>
            </node>
            <node id="49" type="2">
                <location>
                    <euclidean>
                        <cx>25.0</cx>
                        <cy>50.0</cy>
                    </euclidean>
                </location>
            </node>
            <node id="50" type="2">
                <location>
                    <euclidean>
                        <cx>25.0</cx>
                        <cy>52.0</cy>
                    </euclidean>
                </location>
            </node>
            <node id="51" type="2">
                <location>
                    <euclidean>
                        <cx>25.0</cx>
                        <cy>55.0</cy>
                    </euclidean>
                </location>
            </node>
            <node id="52" type="2">
                <location>
                    <euclidean>
                        <cx>23.0</cx>
                        <cy>52.0</cy>
                    </euclidean>
                </location>
            </node>
            <node id="53" type="2">
                <location>
                    <euclidean>
                        <cx>23.0</cx>
                        <cy>55.0</cy>
                    </euclidean>
                </location>
            </node>
            <node id="54" type="2">
                <location>
                    <euclidean>
                        <cx>20.0</cx>
                        <cy>50.0</cy>
                    </euclidean>
                </location>
            </node>
            <node id="55" type="2">
                <location>
                    <euclidean>
                        <cx>20.0</cx>
                        <cy>55.0</cy>
                    </euclidean>
                </location>
            </node>
            <node id="56" type="2">
                <location>
                    <euclidean>
                        <cx>10.0</cx>
                        <cy>35.0</cy>
                    </euclidean>
                </location>
            </node>
            <node id="57" type="2">
                <location>
                    <euclidean>
                        <cx>10.0</cx>
                        <cy>40.0</cy>
                    </euclidean>
                </location>
            </node>
            <node id="58" type="2">
                <location>
                    <euclidean>
                        <cx>8.0</cx>
                        <cy>40.0</cy>
                    </euclidean>
                </location>
            </node>
            <node id="59" type="2">
                <location>
                    <euclidean>
                        <cx>8.0</cx>
                        <cy>45.0</cy>
                    </euclidean>
                </location>
            </node>
            <node id="60" type="2">
                <location>
                    <euclidean>
                        <cx>5.0</cx>
                        <cy>35.0</cy>
                    </euclidean>
                </location>
            </node>
            <node id="61" type="2">
                <location>
                    <euclidean>
                        <cx>5.0</cx>
                        <cy>45.0</cy>
                    </euclidean>
                </location>
            </node>
            <node id="62" type="2">
                <location>
                    <euclidean>
                        <cx>2.0</cx>
                        <cy>40.0</cy>
                    </euclidean>
                </location>
            </node>
            <node id="63" type="2">
                <location>
                    <euclidean>
                        <cx>0.0</cx>
                        <cy>40.0</cy>
                    </euclidean>
                </location>
            </node>
            <node id="64" type="2">
                <location>
                    <euclidean>
                        <cx>0.0</cx>
                        <cy>45.0</cy>
                    </euclidean>
                </location>
            </node>
            <node id="65" type="2">
                <location>
                    <euclidean>
                        <cx>35.0</cx>
                        <cy>30.0</cy>
                    </euclidean>
                </location>
            </node>
            <node id="66" type="2">
                <location>
                    <euclidean>
                        <cx>35.0</cx>
                        <cy>32.0</cy>
                    </euclidean>
                </location>
            </node>
            <node id="67" type="2">
                <location>
                    <euclidean>
                        <cx>33.0</cx>
                        <cy>32.0</cy>
                    </euclidean>
                </location>
            </node>
            <node id="68" type="2">
                <location>
                    <euclidean>
                        <cx>33.0</cx>
                        <cy>35.0</cy>
                    </euclidean>
                </location>
            </node>
            <node id="69" type="2">
                <location>
                    <euclidean>
                        <cx>32.0</cx>
                        <cy>30.0</cy>
                    </euclidean>
                </location>
            </node>
            <node id="70" type="2">
                <location>
                    <euclidean>
                        <cx>30.0</cx>
                        <cy>30.0</cy>
                    </euclidean>
                </location>
            </node>
            <node id="71" type="2">
                <location>
                    <euclidean>
                        <cx>30.0</cx>
                        <cy>32.0</cy>
                    </euclidean>
                </location>
            </node>
            <node id="72" type="2">
                <location>
                    <euclidean>
                        <cx>30.0</cx>
                        <cy>35.0</cy>
                    </euclidean>
                </location>
            </node>
            <node id="73" type="2">
                <location>
                    <euclidean>
                        <cx>28.0</cx>
                        <cy>30.0</cy>
                    </euclidean>
                </location>
            </node>
            <node id="74" type="2">
                <location>
                    <euclidean>
                        <cx>28.0</cx>
                        <cy>35.0</cy>
                    </euclidean>
                </location>
            </node>
            <node id="75" type="2">
                <location>
                    <euclidean>
                        <cx>26.0</cx>
                        <cy>32.0</cy>
                    </euclidean>
                </location>
            </node>
            <node id="76" type="2">
                <location>
                    <euclidean>
                        <cx>25.0</cx>
                        <cy>30.0</cy>
                    </euclidean>
                </location>
            </node>
            <node id="77" type="2">
                <location>
                    <euclidean>
                        <cx>25.0</cx>
                        <cy>35.0</cy>
                    </euclidean>
                </location>
            </node>
            <node id="78" type="2">
                <location>
                    <euclidean>
                        <cx>44.0</cx>
                        <cy>5.0</cy>
                    </euclidean>
                </location>
            </node>
            <node id="79" type="2">
                <location>
                    <euclidean>
                        <cx>42.0</cx>
                        <cy>10.0</cy>
                    </euclidean>
                </location>
            </node>
            <node id="80" type="2">
                <location>
                    <euclidean>
                        <cx>42.0</cx>
                        <cy>15.0</cy>
                    </euclidean>
                </location>
            </node>
            <node id="81" type="2">
                <location>
                    <euclidean>
                        <cx>40.0</cx>
                        <cy>5.0</cy>
                    </euclidean>
                </location>
            </node>
            <node id="82" type="2">
                <location>
                    <euclidean>
                        <cx>40.0</cx>
                        <cy>15.0</cy>
                    </euclidean>
                </location>
            </node>
            <node id="83" type="2">
                <location>
                    <euclidean>
                        <cx>38.0</cx>
                        <cy>5.0</cy>
                    </euclidean>
                </location>
            </node>
            <node id="84" type="2">
                <location>
                    <euclidean>
                        <cx>38.0</cx>
                        <cy>15.0</cy>
                    </euclidean>
                </location>
            </node>
            <node id="85" type="2">
                <location>
                    <euclidean>
                        <cx>35.0</cx>
                        <cy>5.0</cy>
                    </euclidean>
                </location>
            </node>
            <node id="86" type="2">
                <location>
                    <euclidean>
                        <cx>50.0</cx>
                        <cy>30.0</cy>
                    </euclidean>
                </location>
            </node>
            <node id="87" type="2">
                <location>
                    <euclidean>
                        <cx>50.0</cx>
                        <cy>35.0</cy>
                    </euclidean>
                </location>
            </node>
            <node id="88" type="2">
                <location>
                    <euclidean>
                        <cx>50.0</cx>
                        <cy>40.0</cy>
                    </euclidean>
                </location>
            </node>
            <node id="89" type="2">
                <location>
                    <euclidean>
                        <cx>48.0</cx>
                        <cy>30.0</cy>
                    </euclidean>
                </location>
            </node>
            <node id="90" type="2">
                <location>
                    <euclidean>
                        <cx>48.0</cx>
                        <cy>40.0</cy>
                    </euclidean>
                </location>
            </node>
            <node id="91" type="2">
                <location>
                    <euclidean>
                        <cx>47.0</cx>
                        <cy>35.0</cy>
                    </euclidean>
                </location>
            </node>
            <node id="92" type="2">
                <location>
                    <euclidean>
                        <cx>47.0</cx>
                        <cy>40.0</cy>
                    </euclidean>
                </location>
            </node>
            <node id="93" type="2">
                <location>
                    <euclidean>
                        <cx>45.0</cx>
                        <cy>30.0</cy>
                    </euclidean>
                </location>
            </node>
            <node id="94" type="2">
                <location>
                    <euclidean>
                        <cx>45.0</cx>
                        <cy>35.0</cy>
                    </euclidean>
                </location>
            </node>
            <node id="95" type="2">
                <location>
                    <euclidean>
                        <cx>95.0</cx>
                        <cy>30.0</cy>
                    </euclidean>
                </location>
            </node>
            <node id="96" type="2">
                <location>
                    <euclidean>
                        <cx>95.0</cx>
                        <cy>35.0</cy>
                    </euclidean>
                </location>
            </node>
            <node id="97" type="2">
                <location>
                    <euclidean>
                        <cx>53.0</cx>
                        <cy>30.0</cy>
                    </euclidean>
                </location>
            </node>
            <node id="98" type="2">
                <location>
                    <euclidean>
                        <cx>92.0</cx>
                        <cy>30.0</cy>
                    </euclidean>
                </location>
            </node>
            <node id="99" type="2">
                <location>
                    <euclidean>
                        <cx>53.0</cx>
                        <cy>35.0</cy>
                    </euclidean>
                </location>
            </node>
            <node id="100" type="2">
                <location>
                    <euclidean>
                        <cx>45.0</cx>
                        <cy>65.0</cy>
                    </euclidean>
                </location>
            </node>
            <node id="101" type="2">
                <location>
                    <euclidean>
                        <cx>90.0</cx>
                        <cy>35.0</cy>
                    </euclidean>
                </location>
            </node>
            <node id="102" type="2">
                <location>
                    <euclidean>
                        <cx>88.0</cx>
                        <cy>30.0</cy>
                    </euclidean>
                </location>
            </node>
            <node id="103" type="2">
                <location>
                    <euclidean>
                        <cx>88.0</cx>
                        <cy>35.0</cy>
                    </euclidean>
                </location>
            </node>
            <node id="104" type="2">
                <location>
                    <euclidean>
                        <cx>87.0</cx>
                        <cy>30.0</cy>
                    </euclidean>
                </location>
            </node>
            <node id="105" type="2">
                <location>
                    <euclidean>
                        <cx>85.0</cx>
                        <cy>25.0</cy>
                    </euclidean>
                </location>
            </node>
            <node id="106" type="2">
                <location>
                    <euclidean>
                        <cx>85.0</cx>
                        <cy>35.0</cy>
                    </euclidean>
                </location>
            </node>
            <node id="107" type="2">
                <location>
                    <euclidean>
                        <cx>75.0</cx>
                        <cy>55.0</cy>
                    </euclidean>
                </location>
            </node>
            <node id="108" type="2">
                <location>
                    <euclidean>
                        <cx>72.0</cx>
                        <cy>55.0</cy>
                    </euclidean>
                </location>
            </node>
            <node id="109" type="2">
                <location>
                    <euclidean>
                        <cx>70.0</cx>
                        <cy>58.0</cy>
                    </euclidean>
                </location>
            </node>
            <node id="110" type="2">
                <location>
                    <euclidean>
                        <cx>68.0</cx>
                        <cy>60.0</cy>
                    </euclidean>
                </location>
            </node>
            <node id="111" type="2">
                <location>
                    <euclidean>
                        <cx>66.0</cx>
                        <cy>55.0</cy>
                    </euclidean>
                </location>
            </node>
            <node id="112" type="2">
                <location>
                    <euclidean>
                        <cx>65.0</cx>
                        <cy>55.0</cy>
                    </euclidean>
                </location>
            </node>
            <node id="113" type="2">
                <location>
                    <euclidean>
                        <cx>65.0</cx>
                        <cy>60.0</cy>
                    </euclidean>
                </location>
            </node>
            <node id="114" type="2">
                <location>
                    <euclidean>
                        <cx>63.0</cx>
                        <cy>58.0</cy>
                    </euclidean>
                </location>
            </node>
            <node id="115" type="2">
                <location>
                    <euclidean>
                        <cx>60.0</cx>
                        <cy>55.0</cy>
                    </euclidean>
                </location>
            </node>
            <node id="116" type="2">
                <location>
                    <euclidean>
                        <cx>60.0</cx>
                        <cy>60.0</cy>
                    </euclidean>
                </location>
            </node>
            <node id="117" type="2">
                <location>
                    <euclidean>
                        <cx>67.0</cx>
                        <cy>85.0</cy>
                    </euclidean>
                </location>
            </node>
            <node id="118" type="2">
                <location>
                    <euclidean>
                        <cx>65.0</cx>
                        <cy>85.0</cy>
                    </euclidean>
                </location>
            </node>
            <node id="119" type="2">
                <location>
                    <euclidean>
                        <cx>65.0</cx>
                        <cy>82.0</cy>
                    </euclidean>
                </location>
            </node>
            <node id="120" type="2">
                <location>
                    <euclidean>
                        <cx>62.0</cx>
                        <cy>80.0</cy>
                    </euclidean>
                </location>
            </node>
            <node id="121" type="2">
                <location>
                    <euclidean>
                        <cx>60.0</cx>
                        <cy>80.0</cy>
                    </euclidean>
                </location>
            </node>
            <node id="122" type="2">
                <location>
                    <euclidean>
                        <cx>60.0</cx>
                        <cy>85.0</cy>
                    </euclidean>
                </location>
            </node>
            <node id="123" type="2">
                <location>
                    <euclidean>
                        <cx>58.0</cx>
                        <cy>75.0</cy>
                    </euclidean>
                </location>
            </node>
            <node id="124" type="2">
                <location>
                    <euclidean>
                        <cx>55.0</cx>
                        <cy>80.0</cy>
                    </euclidean>
                </location>
            </node>
            <node id="125" type="2">
                <location>
                    <euclidean>
                        <cx>55.0</cx>
                        <cy>85.0</cy>
                    </euclidean>
                </location>
            </node>
        </nodes>
        <descriptor>
            <isComplete>true</isComplete>
            <distanceType>EUC_2D</distanceType>
            <roundingRule>none</roundingRule>
        </descriptor>
    </network>
    <fleet>
        <vehicle type="0">
            <number>1</number>
            <capacity>3.0</capacity>
            <capacity>0.0</capacity>
            <capacity>4.0</capacity>
            <capacity>4.0</capacity>
            <capacity>0.0</capacity>
            <departureNode>1</departureNode>
            <arrivalNode>1</arrivalNode>
            <skill id="1"/>
            <skill id="3"/>
            <skill id="4"/>
            <tool id="1"/>
            <tool id="2"/>
            <tool id="3"/>
        </vehicle>
        <vehicle type="1">
            <number>1</number>
            <capacity>5.0</capacity>
            <capacity>0.0</capacity>
            <capacity>0.0</capacity>
            <capacity>5.0</capacity>
            <capacity>0.0</capacity>
            <departureNode>2</departureNode>
            <arrivalNode>2</arrivalNode>
            <skill id="2"/>
            <skill id="3"/>
            <skill id="4"/>
            <tool id="1"/>
            <tool id="2"/>
            <tool id="3"/>
        </vehicle>
        <vehicle type="2">
            <number>1</number>
            <capacity>3.0</capacity>
            <capacity>5.0</capacity>
            <capacity>3.0</capacity>
            <capacity>2.0</capacity>
            <capacity>3.0</capacity>
            <departureNode>3</departureNode>
            <arrivalNode>3</arrivalNode>
            <skill id="0"/>
            <skill id="1"/>
            <skill id="3"/>
            <skill id="4"/>
            <tool id="0"/>
            <tool id="2"/>
        </vehicle>
        <vehicle type="3">
            <number>1</number>
            <capacity>2.0</capacity>
            <capacity>5.0</capacity>
            <capacity>2.0</capacity>
            <capacity>3.0</capacity>
            <capacity>0.0</capacity>
            <departureNode>4</departureNode>
            <arrivalNode>4</arrivalNode>
            <skill id="0"/>
            <skill id="1"/>
            <skill id="2"/>
            <skill id="3"/>
        </vehicle>
        <vehicle type="4">
            <number>1</number>
            <capacity>2.0</capacity>
            <capacity>2.0</capacity>
            <capacity>0.0</capacity>
            <capacity>0.0</capacity>
            <capacity>4.0</capacity>
            <departureNode>5</departureNode>
            <arrivalNode>5</arrivalNode>
            <skill id="0"/>
            <skill id="1"/>
            <tool id="1"/>
        </vehicle>
        <vehicle type="5">
            <number>1</number>
            <capacity>5.0</capacity>
            <capacity>2.0</capacity>
            <capacity>3.0</capacity>
            <capacity>0.0</capacity>
            <capacity>4.0</capacity>
            <departureNode>6</departureNode>
            <arrivalNode>6</arrivalNode>
            <skill id="0"/>
            <skill id="2"/>
            <tool id="1"/>
        </vehicle>
        <vehicle type="6">
            <number>1</number>
            <capacity>0.0</capacity>
            <capacity>0.0</capacity>
            <capacity>3.0</capacity>
            <capacity>0.0</capacity>
            <capacity>2.0</capacity>
            <departureNode>7</departureNode>
            <arrivalNode>7</arrivalNode>
            <skill id="0"/>
            <skill id="1"/>
            <skill id="2"/>
            <skill id="4"/>
            <tool id="0"/>
        </vehicle>
        <vehicle type="7">
            <number>1</number>
            <capacity>0.0</capacity>
            <capacity>5.0</capacity>
            <capacity>4.0</capacity>
            <capacity>4.0</capacity>
            <capacity>0.0</capacity>
            <departureNode>8</departureNode>
            <arrivalNode>8</arrivalNode>
            <skill id="0"/>
            <skill id="1"/>
            <skill id="3"/>
            <skill id="4"/>
            <tool id="0"/>
            <tool id="1"/>
            <tool id="2"/>
            <tool id="3"/>
        </vehicle>
        <vehicle type="8">
            <number>1</number>
            <capacity>0.0</capacity>
            <capacity>2.0</capacity>
            <capacity>5.0</capacity>
            <capacity>0.0</capacity>
            <capacity>0.0</capacity>
            <departureNode>9</departureNode>
            <arrivalNode>9</arrivalNode>
            <skill id="1"/>
            <skill id="2"/>
            <skill id="3"/>
            <skill id="4"/>
            <tool id="1"/>
            <tool id="2"/>
            <tool id="3"/>
        </vehicle>
        <vehicle type="9">
            <number>1</number>
            <capacity>3.0</capacity>
            <capacity>2.0</capacity>
            <capacity>3.0</capacity>
            <capacity>0.0</capacity>
            <capacity>5.0</capacity>
            <departureNode>10</departureNode>
            <arrivalNode>10</arrivalNode>
            <skill id="0"/>
            <skill id="1"/>
            <skill id="2"/>
            <tool id="2"/>
        </vehicle>
        <vehicle type="10">
            <number>1</number>
            <capacity>4.0</capacity>
            <capacity>4.0</capacity>
            <capacity>3.0</capacity>
            <capacity>0.0</capacity>
            <capacity>5.0</capacity>
            <departureNode>11</departureNode>
            <arrivalNode>11</arrivalNode>
            <skill id="0"/>
            <skill id="2"/>
            <skill id="4"/>
            <tool id="1"/>
            <tool id="2"/>
            <tool id="3"/>
        </vehicle>
        <vehicle type="11">
            <number>1</number>
            <capacity>0.0</capacity>
            <capacity>0.0</capacity>
            <capacity>3.0</capacity>
            <capacity>0.0</capacity>
            <capacity>4.0</capacity>
            <departureNode>12</departureNode>
            <arrivalNode>12</arrivalNode>
            <skill id="0"/>
            <skill id="3"/>
            <skill id="4"/>
            <tool id="0"/>
            <tool id="1"/>
        </vehicle>
        <vehicle type="12">
            <number>1</number>
            <capacity>4.0</capacity>
            <capacity>3.0</capacity>
            <capacity>2.0</capacity>
            <capacity>0.0</capacity>
            <capacity>0.0</capacity>
            <departureNode>13</departureNode>
            <arrivalNode>13</arrivalNode>
            <skill id="1"/>
            <skill id="2"/>
            <skill id="3"/>
            <skill id="4"/>
        </vehicle>
        <vehicle type="13">
            <number>1</number>
            <capacity>3.0</capacity>
            <capacity>0.0</capacity>
            <capacity>0.0</capacity>
            <capacity>0.0</capacity>
            <capacity>2.0</capacity>
            <departureNode>14</departureNode>
            <arrivalNode>14</arrivalNode>
            <skill id="0"/>
            <skill id="1"/>
            <skill id="3"/>
            <skill id="4"/>
        </vehicle>
        <vehicle type="14">
            <number>1</number>
            <capacity>3.0</capacity>
            <capacity>0.0</capacity>
            <capacity>5.0</capacity>
            <capacity>4.0</capacity>
            <capacity>0.0</capacity>
            <departureNode>15</departureNode>
            <arrivalNode>15</arrivalNode>
            <skill id="1"/>
            <skill id="2"/>
            <skill id="3"/>
            <skill id="4"/>
            <tool id="1"/>
            <tool id="2"/>
            <tool id="3"/>
        </vehicle>
        <vehicle type="15">
            <number>1</number>
            <capacity>3.0</capacity>
            <capacity>0.0</capacity>
            <capacity>5.0</capacity>
            <capacity>0.0</capacity>
            <capacity>0.0</capacity>
            <departureNode>16</departureNode>
            <arrivalNode>16</arrivalNode>
            <skill id="2"/>
            <skill id="3"/>
            <skill id="4"/>
            <tool id="1"/>
            <tool id="2"/>
            <tool id="3"/>
        </vehicle>
        <vehicle type="16">
            <number>1</number>
            <capacity>2.0</capacity>
            <capacity>5.0</capacity>
            <capacity>5.0</capacity>
            <capacity>0.0</capacity>
            <capacity>0.0</capacity>
            <departureNode>17</departureNode>
            <arrivalNode>17</arrivalNode>
            <skill id="0"/>
            <skill id="1"/>
            <skill id="2"/>
            <skill id="4"/>
            <tool id="1"/>
        </vehicle>
        <vehicle type="17">
            <number>1</number>
            <capacity>4.0</capacity>
            <capacity>0.0</capacity>
            <capacity>2.0</capacity>
            <capacity>4.0</capacity>
            <capacity>5.0</capacity>
            <departureNode>18</departureNode>
            <arrivalNode>18</arrivalNode>
            <skill id="0"/>
            <skill id="2"/>
            <skill id="3"/>
            <tool id="1"/>
        </vehicle>
        <vehicle type="18">
            <number>1</number>
            <capacity>3.0</capacity>
            <capacity>2.0</capacity>
            <capacity>0.0</capacity>
            <capacity>0.0</capacity>
            <capacity>3.0</capacity>
            <departureNode>19</departureNode>
            <arrivalNode>19</arrivalNode>
            <skill id="0"/>
            <skill id="2"/>
            <skill id="4"/>
            <tool id="1"/>
            <tool id="2"/>
        </vehicle>
        <vehicle type="19">
            <number>1</number>
            <capacity>0.0</capacity>
            <capacity>2.0</capacity>
            <capacity>3.0</capacity>
            <capacity>0.0</capacity>
            <capacity>3.0</capacity>
            <departureNode>20</departureNode>
            <arrivalNode>20</arrivalNode>
            <skill id="0"/>
            <skill id="2"/>
            <skill id="3"/>
            <tool id="0"/>
            <tool id="1"/>
            <tool id="2"/>
            <tool id="3"/>
        </vehicle>
        <vehicle type="20">
            <number>1</number>
            <capacity>0.0</capacity>
            <capacity>3.0</capacity>
            <capacity>3.0</capacity>
            <capacity>0.0</capacity>
            <capacity>4.0</capacity>
            <departureNode>21</departureNode>
            <arrivalNode>21</arrivalNode>
            <skill id="0"/>
            <skill id="2"/>
            <skill id="3"/>
            <skill id="4"/>
            <tool id="0"/>
            <tool id="1"/>
            <tool id="2"/>
            <tool id="3"/>
        </vehicle>
        <vehicle type="21">
            <number>1</number>
            <capacity>2.0</capacity>
            <capacity>5.0</capacity>
            <capacity>0.0</capacity>
            <capacity>3.0</capacity>
            <capacity>0.0</capacity>
            <departureNode>22</departureNode>
            <arrivalNode>22</arrivalNode>
            <skill id="0"/>
            <skill id="2"/>
            <skill id="3"/>
            <skill id="4"/>
        </vehicle>
        <vehicle type="22">
            <number>1</number>
            <capacity>4.0</capacity>
            <capacity>0.0</capacity>
            <capacity>0.0</capacity>
            <capacity>3.0</capacity>
            <capacity>0.0</capacity>
            <departureNode>23</departureNode>
            <arrivalNode>23</arrivalNode>
            <skill id="2"/>
            <skill id="3"/>
            <skill id="4"/>
        </vehicle>
        <vehicle type="23">
            <number>1</number>
            <capacity>2.0</capacity>
            <capacity>5.0</capacity>
            <capacity>4.0</capacity>
            <capacity>0.0</capacity>
            <capacity>2.0</capacity>
            <departureNode>24</departureNode>
            <arrivalNode>24</arrivalNode>
            <skill id="0"/>
            <skill id="2"/>
            <tool id="0"/>
            <tool id="1"/>
            <tool id="2"/>
            <tool id="3"/>
        </vehicle>
        <vehicle type="24">
            <number>1</number>
            <capacity>5.0</capacity>
            <capacity>4.0</capacity>
            <capacity>5.0</capacity>
            <capacity>0.0</capacity>
            <capacity>0.0</capacity>
            <departureNode>25</departureNode>
            <arrivalNode>25</arrivalNode>
            <skill id="1"/>
            <skill id="2"/>
            <tool id="1"/>
            <tool id="2"/>
            <tool id="3"/>
        </vehicle>
    </fleet>
    <requests>
        <request id="0" node="26">
            <tw>
                <start isHard="true">912</start>
                <end isHard="true">967</end>
            </tw>
            <demand type="0">1</demand>
            <demand type="1">0</demand>
            <demand type="2">1</demand>
            <demand type="3">0</demand>
            <demand type="4">0</demand>
            <serviceTime>90</serviceTime>
            <skill id="4"/>
        </request>
        <request id="1" node="27">
            <tw>
                <start isHard="true">825</start>
                <end isHard="true">870</end>
            </tw>
            <demand type="0">0</demand>
            <demand type="1">0</demand>
            <demand type="2">0</demand>
            <demand type="3">0</demand>
            <demand type="4">0</demand>
            <serviceTime>90</serviceTime>
            <skill id="1"/>
            <tool id="3"/>
        </request>
        <request id="2" node="28">
            <tw>
                <start isHard="true">65</start>
                <end isHard="true">146</end>
            </tw>
            <demand type="0">0</demand>
            <demand type="1">0</demand>
            <demand type="2">1</demand>
            <demand type="3">0</demand>
            <demand type="4">0</demand>
            <serviceTime>90</serviceTime>
            <skill id="4"/>
            <tool id="1"/>
        </request>
        <request id="3" node="29">
            <tw>
                <start isHard="true">727</start>
                <end isHard="true">782</end>
            </tw>
            <demand type="0">1</demand>
            <demand type="1">0</demand>
            <demand type="2">0</demand>
            <demand type="3">0</demand>
            <demand type="4">0</demand>
            <serviceTime>90</serviceTime>
            <skill id="1"/>
            <tool id="2"/>
            <tool id="3"/>
        </request>
        <request id="4" node="30">
            <tw>
                <start isHard="true">15</start>
                <end isHard="true">67</end>
            </tw>
            <demand type="0">0</demand>
            <demand type="1">0</demand>
            <demand type="2">0</demand>
            <demand type="3">0</demand>
            <demand type="4">0</demand>
            <serviceTime>90</serviceTime>
            <skill id="4"/>
            <tool id="1"/>
            <tool id="3"/>
        </request>
        <request id="5" node="31">
            <tw>
                <start isHard="true">621</start>
                <end isHard="true">702</end>
            </tw>
            <demand type="0">0</demand>
            <demand type="1">1</demand>
            <demand type="2">0</demand>
            <demand type="3">0</demand>
            <demand type="4">1</demand>
            <serviceTime>90</serviceTime>
            <skill id="0"/>
            <tool id="3"/>
        </request>
        <request id="6" node="32">
            <tw>
                <start isHard="true">170</start>
                <end isHard="true">225</end>
            </tw>
            <demand type="0">0</demand>
            <demand type="1">0</demand>
            <demand type="2">1</demand>
            <demand type="3">0</demand>
            <demand type="4">0</demand>
            <serviceTime>90</serviceTime>
            <skill id="3"/>
        </request>
        <request id="7" node="33">
            <tw>
                <start isHard="true">255</start>
                <end isHard="true">324</end>
            </tw>
            <demand type="0">0</demand>
            <demand type="1">0</demand>
            <demand type="2">1</demand>
            <demand type="3">0</demand>
            <demand type="4">0</demand>
            <serviceTime>90</serviceTime>
            <skill id="4"/>
            <tool id="2"/>
        </request>
        <request id="8" node="34">
            <tw>
                <start isHard="true">534</start>
                <end isHard="true">605</end>
            </tw>
            <demand type="0">1</demand>
            <demand type="1">0</demand>
            <demand type="2">1</demand>
            <demand type="3">0</demand>
            <demand type="4">0</demand>
            <serviceTime>90</serviceTime>
            <skill id="2"/>
        </request>
        <request id="9" node="35">
            <tw>
                <start isHard="true">357</start>
                <end isHard="true">410</end>
            </tw>
            <demand type="0">0</demand>
            <demand type="1">0</demand>
            <demand type="2">1</demand>
            <demand type="3">0</demand>
            <demand type="4">0</demand>
            <serviceTime>90</serviceTime>
            <skill id="2"/>
        </request>
        <request id="10" node="36">
            <tw>
                <start isHard="true">448</start>
                <end isHard="true">505</end>
            </tw>
            <demand type="0">0</demand>
            <demand type="1">0</demand>
            <demand type="2">0</demand>
            <demand type="3">1</demand>
            <demand type="4">0</demand>
            <serviceTime>90</serviceTime>
            <skill id="3"/>
        </request>
        <request id="11" node="37">
            <tw>
                <start isHard="true">652</start>
                <end isHard="true">721</end>
            </tw>
            <demand type="0">1</demand>
            <demand type="1">1</demand>
            <demand type="2">0</demand>
            <demand type="3">0</demand>
            <demand type="4">0</demand>
            <serviceTime>90</serviceTime>
            <skill id="1"/>
            <tool id="2"/>
        </request>
        <request id="12" node="38">
            <tw>
                <start isHard="true">30</start>
                <end isHard="true">92</end>
            </tw>
            <demand type="0">0</demand>
            <demand type="1">0</demand>
            <demand type="2">0</demand>
            <demand type="3">1</demand>
            <demand type="4">0</demand>
            <serviceTime>90</serviceTime>
            <skill id="3"/>
            <tool id="3"/>
        </request>
        <request id="13" node="39">
            <tw>
                <start isHard="true">567</start>
                <end isHard="true">620</end>
            </tw>
            <demand type="0">1</demand>
            <demand type="1">1</demand>
            <demand type="2">0</demand>
            <demand type="3">0</demand>
            <demand type="4">0</demand>
            <serviceTime>90</serviceTime>
            <skill id="1"/>
            <tool id="2"/>
            <tool id="3"/>
        </request>
        <request id="14" node="40">
            <tw>
                <start isHard="true">384</start>
                <end isHard="true">429</end>
            </tw>
            <demand type="0">0</demand>
            <demand type="1">0</demand>
            <demand type="2">0</demand>
            <demand type="3">0</demand>
            <demand type="4">0</demand>
            <serviceTime>90</serviceTime>
            <skill id="2"/>
            <tool id="3"/>
        </request>
        <request id="15" node="41">
            <tw>
                <start isHard="true">475</start>
                <end isHard="true">528</end>
            </tw>
            <demand type="0">0</demand>
            <demand type="1">0</demand>
            <demand type="2">0</demand>
            <demand type="3">0</demand>
            <demand type="4">0</demand>
            <serviceTime>90</serviceTime>
            <skill id="0"/>
            <tool id="2"/>
        </request>
        <request id="16" node="42">
            <tw>
                <start isHard="true">99</start>
                <end isHard="true">148</end>
            </tw>
            <demand type="0">0</demand>
            <demand type="1">0</demand>
            <demand type="2">0</demand>
            <demand type="3">0</demand>
            <demand type="4">0</demand>
            <serviceTime>90</serviceTime>
            <skill id="0"/>
            <tool id="0"/>
            <tool id="2"/>
        </request>
        <request id="17" node="43">
            <tw>
                <start isHard="true">179</start>
                <end isHard="true">254</end>
            </tw>
            <demand type="0">0</demand>
            <demand type="1">0</demand>
            <demand type="2">0</demand>
            <demand type="3">0</demand>
            <demand type="4">0</demand>
            <serviceTime>90</serviceTime>
            <skill id="0"/>
            <tool id="0"/>
            <tool id="3"/>
        </request>
        <request id="18" node="44">
            <tw>
                <start isHard="true">278</start>
                <end isHard="true">345</end>
            </tw>
            <demand type="0">0</demand>
            <demand type="1">1</demand>
            <demand type="2">0</demand>
            <demand type="3">0</demand>
            <demand type="4">0</demand>
            <serviceTime>90</serviceTime>
            <skill id="0"/>
        </request>
        <request id="19" node="45">
            <tw>
                <start isHard="true">10</start>
                <end isHard="true">73</end>
            </tw>
            <demand type="0">0</demand>
            <demand type="1">0</demand>
            <demand type="2">0</demand>
            <demand type="3">0</demand>
            <demand type="4">0</demand>
            <serviceTime>90</serviceTime>
            <skill id="0"/>
            <tool id="2"/>
            <tool id="3"/>
        </request>
        <request id="20" node="46">
            <tw>
                <start isHard="true">914</start>
                <end isHard="true">965</end>
            </tw>
            <demand type="0">0</demand>
            <demand type="1">0</demand>
            <demand type="2">0</demand>
            <demand type="3">1</demand>
            <demand type="4">0</demand>
            <serviceTime>90</serviceTime>
            <skill id="3"/>
        </request>
        <request id="21" node="47">
            <tw>
                <start isHard="true">812</start>
                <end isHard="true">883</end>
            </tw>
            <demand type="0">1</demand>
            <demand type="1">0</demand>
            <demand type="2">1</demand>
            <demand type="3">0</demand>
            <demand type="4">0</demand>
            <serviceTime>90</serviceTime>
            <skill id="2"/>
            <tool id="1"/>
            <tool id="3"/>
        </request>
        <request id="22" node="48">
            <tw>
                <start isHard="true">732</start>
                <end isHard="true">777</end>
            </tw>
            <demand type="0">1</demand>
            <demand type="1">0</demand>
            <demand type="2">0</demand>
            <demand type="3">0</demand>
            <demand type="4">0</demand>
            <serviceTime>90</serviceTime>
            <skill id="4"/>
            <tool id="1"/>
            <tool id="3"/>
        </request>
        <request id="23" node="49">
            <tw>
                <start isHard="true">65</start>
                <end isHard="true">144</end>
            </tw>
            <demand type="0">1</demand>
            <demand type="1">0</demand>
            <demand type="2">0</demand>
            <demand type="3">0</demand>
            <demand type="4">0</demand>
            <serviceTime>90</serviceTime>
            <skill id="1"/>
            <tool id="3"/>
        </request>
        <request id="24" node="50">
            <tw>
                <start isHard="true">169</start>
                <end isHard="true">224</end>
            </tw>
            <demand type="0">1</demand>
            <demand type="1">1</demand>
            <demand type="2">0</demand>
            <demand type="3">0</demand>
            <demand type="4">0</demand>
            <serviceTime>90</serviceTime>
            <skill id="1"/>
            <tool id="1"/>
            <tool id="3"/>
        </request>
        <request id="25" node="51">
            <tw>
                <start isHard="true">622</start>
                <end isHard="true">701</end>
            </tw>
            <demand type="0">1</demand>
            <demand type="1">0</demand>
            <demand type="2">0</demand>
            <demand type="3">0</demand>
            <demand type="4">0</demand>
            <serviceTime>90</serviceTime>
            <skill id="2"/>
            <tool id="1"/>
            <tool id="3"/>
        </request>
        <request id="26" node="52">
            <tw>
                <start isHard="true">261</start>
                <end isHard="true">316</end>
            </tw>
            <demand type="0">0</demand>
            <demand type="1">0</demand>
            <demand type="2">0</demand>
            <demand type="3">0</demand>
            <demand type="4">0</demand>
            <serviceTime>90</serviceTime>
            <skill id="2"/>
            <tool id="1"/>
            <tool id="3"/>
        </request>
        <request id="27" node="53">
            <tw>
                <start isHard="true">546</start>
                <end isHard="true">593</end>
            </tw>
            <demand type="0">0</demand>
            <demand type="1">1</demand>
            <demand type="2">0</demand>
            <demand type="3">0</demand>
            <demand type="4">1</demand>
            <serviceTime>90</serviceTime>
            <skill id="0"/>
            <tool id="0"/>
            <tool id="2"/>
        </request>
        <request id="28" node="54">
            <tw>
                <start isHard="true">358</start>
                <end isHard="true">405</end>
            </tw>
            <demand type="0">0</demand>
            <demand type="1">0</demand>
            <demand type="2">0</demand>
            <demand type="3">0</demand>
            <demand type="4">0</demand>
            <serviceTime>90</serviceTime>
            <skill id="3"/>
            <tool id="3"/>
        </request>
        <request id="29" node="55">
            <tw>
                <start isHard="true">449</start>
                <end isHard="true">504</end>
            </tw>
            <demand type="0">0</demand>
            <demand type="1">0</demand>
            <demand type="2">1</demand>
            <demand type="3">0</demand>
            <demand type="4">0</demand>
            <serviceTime>90</serviceTime>
            <skill id="3"/>
            <tool id="1"/>
            <tool id="3"/>
        </request>
        <request id="30" node="56">
            <tw>
                <start isHard="true">200</start>
                <end isHard="true">237</end>
            </tw>
            <demand type="0">0</demand>
            <demand type="1">0</demand>
            <demand type="2">1</demand>
            <demand type="3">0</demand>
            <demand type="4">0</demand>
            <serviceTime>90</serviceTime>
            <skill id="2"/>
        </request>
        <request id="31" node="57">
            <tw>
                <start isHard="true">31</start>
                <end isHard="true">100</end>
            </tw>
            <demand type="0">0</demand>
            <demand type="1">0</demand>
            <demand type="2">1</demand>
            <demand type="3">1</demand>
            <demand type="4">0</demand>
            <serviceTime>90</serviceTime>
            <skill id="3"/>
        </request>
        <request id="32" node="58">
            <tw>
                <start isHard="true">87</start>
                <end isHard="true">158</end>
            </tw>
            <demand type="0">0</demand>
            <demand type="1">1</demand>
            <demand type="2">0</demand>
            <demand type="3">0</demand>
            <demand type="4">1</demand>
            <serviceTime>90</serviceTime>
            <skill id="0"/>
        </request>
        <request id="33" node="59">
            <tw>
                <start isHard="true">751</start>
                <end isHard="true">816</end>
            </tw>
            <demand type="0">0</demand>
            <demand type="1">0</demand>
            <demand type="2">0</demand>
            <demand type="3">0</demand>
            <demand type="4">0</demand>
            <serviceTime>90</serviceTime>
            <skill id="0"/>
        </request>
        <request id="34" node="60">
            <tw>
                <start isHard="true">283</start>
                <end isHard="true">344</end>
            </tw>
            <demand type="0">0</demand>
            <demand type="1">0</demand>
            <demand type="2">1</demand>
            <demand type="3">0</demand>
            <demand type="4">0</demand>
            <serviceTime>90</serviceTime>
            <skill id="2"/>
            <tool id="1"/>
            <tool id="3"/>
        </request>
        <request id="35" node="61">
            <tw>
                <start isHard="true">665</start>
                <end isHard="true">716</end>
            </tw>
            <demand type="0">1</demand>
            <demand type="1">0</demand>
            <demand type="2">1</demand>
            <demand type="3">0</demand>
            <demand type="4">0</demand>
            <serviceTime>90</serviceTime>
            <skill id="2"/>
            <tool id="3"/>
        </request>
        <request id="36" node="62">
            <tw>
                <start isHard="true">383</start>
                <end isHard="true">434</end>
            </tw>
            <demand type="0">0</demand>
            <demand type="1">0</demand>
            <demand type="2">1</demand>
            <demand type="3">1</demand>
            <demand type="4">0</demand>
            <serviceTime>90</serviceTime>
            <skill id="3"/>
            <tool id="1"/>
            <tool id="3"/>
        </request>
        <request id="37" node="63">
            <tw>
                <start isHard="true">479</start>
                <end isHard="true">522</end>
            </tw>
            <demand type="0">0</demand>
            <demand type="1">1</demand>
            <demand type="2">0</demand>
            <demand type="3">0</demand>
            <demand type="4">1</demand>
            <serviceTime>90</serviceTime>
            <skill id="0"/>
        </request>
        <request id="38" node="64">
            <tw>
                <start isHard="true">567</start>
                <end isHard="true">624</end>
            </tw>
            <demand type="0">0</demand>
            <demand type="1">0</demand>
            <demand type="2">1</demand>
            <demand type="3">0</demand>
            <demand type="4">0</demand>
            <serviceTime>90</serviceTime>
            <skill id="2"/>
        </request>
        <request id="39" node="65">
            <tw>
                <start isHard="true">264</start>
                <end isHard="true">321</end>
            </tw>
            <demand type="0">0</demand>
            <demand type="1">0</demand>
            <demand type="2">0</demand>
            <demand type="3">0</demand>
            <demand type="4">0</demand>
            <serviceTime>90</serviceTime>
            <skill id="2"/>
            <tool id="3"/>
        </request>
        <request id="40" node="66">
            <tw>
                <start isHard="true">166</start>
                <end isHard="true">235</end>
            </tw>
            <demand type="0">0</demand>
            <demand type="1">1</demand>
            <demand type="2">0</demand>
            <demand type="3">0</demand>
            <demand type="4">1</demand>
            <serviceTime>90</serviceTime>
            <skill id="0"/>
        </request>
        <request id="41" node="67">
            <tw>
                <start isHard="true">68</start>
                <end isHard="true">149</end>
            </tw>
            <demand type="0">0</demand>
            <demand type="1">0</demand>
            <demand type="2">0</demand>
            <demand type="3">1</demand>
            <demand type="4">0</demand>
            <serviceTime>90</serviceTime>
            <skill id="3"/>
            <tool id="1"/>
            <tool id="3"/>
        </request>
        <request id="42" node="68">
            <tw>
                <start isHard="true">16</start>
                <end isHard="true">80</end>
            </tw>
            <demand type="0">1</demand>
            <demand type="1">0</demand>
            <demand type="2">0</demand>
            <demand type="3">0</demand>
            <demand type="4">0</demand>
            <serviceTime>90</serviceTime>
            <skill id="2"/>
            <tool id="1"/>
            <tool id="3"/>
        </request>
        <request id="43" node="69">
            <tw>
                <start isHard="true">359</start>
                <end isHard="true">412</end>
            </tw>
            <demand type="0">0</demand>
            <demand type="1">0</demand>
            <demand type="2">0</demand>
            <demand type="3">0</demand>
            <demand type="4">0</demand>
            <serviceTime>90</serviceTime>
            <skill id="2"/>
        </request>
        <request id="44" node="70">
            <tw>
                <start isHard="true">541</start>
                <end isHard="true">600</end>
            </tw>
            <demand type="0">0</demand>
            <demand type="1">0</demand>
            <demand type="2">1</demand>
            <demand type="3">0</demand>
            <demand type="4">0</demand>
            <serviceTime>90</serviceTime>
            <skill id="3"/>
            <tool id="1"/>
            <tool id="3"/>
        </request>
        <request id="45" node="71">
            <tw>
                <start isHard="true">448</start>
                <end isHard="true">509</end>
            </tw>
            <demand type="0">1</demand>
            <demand type="1">1</demand>
            <demand type="2">0</demand>
            <demand type="3">0</demand>
            <demand type="4">0</demand>
            <serviceTime>90</serviceTime>
            <skill id="1"/>
            <tool id="1"/>
            <tool id="2"/>
        </request>
        <request id="46" node="72">
            <tw>
                <start isHard="true">1054</start>
                <end isHard="true">1127</end>
            </tw>
            <demand type="0">1</demand>
            <demand type="1">0</demand>
            <demand type="2">1</demand>
            <demand type="3">0</demand>
            <demand type="4">0</demand>
            <serviceTime>90</serviceTime>
            <skill id="4"/>
            <tool id="1"/>
        </request>
        <request id="47" node="73">
            <tw>
                <start isHard="true">632</start>
                <end isHard="true">693</end>
            </tw>
            <demand type="0">0</demand>
            <demand type="1">0</demand>
            <demand type="2">0</demand>
            <demand type="3">0</demand>
            <demand type="4">0</demand>
            <serviceTime>90</serviceTime>
            <skill id="1"/>
            <tool id="2"/>
        </request>
        <request id="48" node="74">
            <tw>
                <start isHard="true">1001</start>
                <end isHard="true">1066</end>
            </tw>
            <demand type="0">0</demand>
            <demand type="1">0</demand>
            <demand type="2">0</demand>
            <demand type="3">0</demand>
            <demand type="4">1</demand>
            <serviceTime>90</serviceTime>
            <skill id="0"/>
            <tool id="2"/>
        </request>
        <request id="49" node="75">
            <tw>
                <start isHard="true">815</start>
                <end isHard="true">880</end>
            </tw>
            <demand type="0">0</demand>
            <demand type="1">0</demand>
            <demand type="2">1</demand>
            <demand type="3">1</demand>
            <demand type="4">0</demand>
            <serviceTime>90</serviceTime>
            <skill id="3"/>
            <tool id="1"/>
        </request>
        <request id="50" node="76">
            <tw>
                <start isHard="true">725</start>
                <end isHard="true">786</end>
            </tw>
            <demand type="0">0</demand>
            <demand type="1">0</demand>
            <demand type="2">0</demand>
            <demand type="3">0</demand>
            <demand type="4">0</demand>
            <serviceTime>90</serviceTime>
            <skill id="0"/>
        </request>
        <request id="51" node="77">
            <tw>
                <start isHard="true">912</start>
                <end isHard="true">969</end>
            </tw>
            <demand type="0">0</demand>
            <demand type="1">0</demand>
            <demand type="2">0</demand>
            <demand type="3">0</demand>
            <demand type="4">0</demand>
            <serviceTime>90</serviceTime>
            <skill id="0"/>
            <tool id="2"/>
        </request>
        <request id="52" node="78">
            <tw>
                <start isHard="true">286</start>
                <end isHard="true">347</end>
            </tw>
            <demand type="0">0</demand>
            <demand type="1">0</demand>
            <demand type="2">0</demand>
            <demand type="3">0</demand>
            <demand type="4">1</demand>
            <serviceTime>90</serviceTime>
            <skill id="0"/>
            <tool id="2"/>
            <tool id="3"/>
        </request>
        <request id="53" node="79">
            <tw>
                <start isHard="true">186</start>
                <end isHard="true">257</end>
            </tw>
            <demand type="0">1</demand>
            <demand type="1">0</demand>
            <demand type="2">1</demand>
            <demand type="3">0</demand>
            <demand type="4">0</demand>
            <serviceTime>90</serviceTime>
            <skill id="2"/>
            <tool id="1"/>
            <tool id="3"/>
        </request>
        <request id="54" node="80">
            <tw>
                <start isHard="true">95</start>
                <end isHard="true">158</end>
            </tw>
            <demand type="0">0</demand>
            <demand type="1">0</demand>
            <demand type="2">0</demand>
            <demand type="3">0</demand>
            <demand type="4">0</demand>
            <serviceTime>90</serviceTime>
            <skill id="4"/>
            <tool id="2"/>
        </request>
        <request id="55" node="81">
            <tw>
                <start isHard="true">385</start>
                <end isHard="true">436</end>
            </tw>
            <demand type="0">0</demand>
            <demand type="1">0</demand>
            <demand type="2">0</demand>
            <demand type="3">0</demand>
            <demand type="4">0</demand>
            <serviceTime>90</serviceTime>
            <skill id="2"/>
        </request>
        <request id="56" node="82">
            <tw>
                <start isHard="true">35</start>
                <end isHard="true">87</end>
            </tw>
            <demand type="0">0</demand>
            <demand type="1">0</demand>
            <demand type="2">0</demand>
            <demand type="3">0</demand>
            <demand type="4">0</demand>
            <serviceTime>90</serviceTime>
            <skill id="2"/>
            <tool id="1"/>
            <tool id="3"/>
        </request>
        <request id="57" node="83">
            <tw>
                <start isHard="true">471</start>
                <end isHard="true">534</end>
            </tw>
            <demand type="0">1</demand>
            <demand type="1">0</demand>
            <demand type="2">0</demand>
            <demand type="3">0</demand>
            <demand type="4">0</demand>
            <serviceTime>90</serviceTime>
            <skill id="4"/>
        </request>
        <request id="58" node="84">
            <tw>
                <start isHard="true">651</start>
                <end isHard="true">740</end>
            </tw>
            <demand type="0">0</demand>
            <demand type="1">0</demand>
            <demand type="2">0</demand>
            <demand type="3">0</demand>
            <demand type="4">0</demand>
            <serviceTime>90</serviceTime>
            <skill id="1"/>
            <tool id="1"/>
            <tool id="2"/>
        </request>
        <request id="59" node="85">
            <tw>
                <start isHard="true">562</start>
                <end isHard="true">629</end>
            </tw>
            <demand type="0">0</demand>
            <demand type="1">0</demand>
            <demand type="2">0</demand>
            <demand type="3">0</demand>
            <demand type="4">0</demand>
            <serviceTime>90</serviceTime>
            <skill id="3"/>
            <tool id="3"/>
        </request>
        <request id="60" node="86">
            <tw>
                <start isHard="true">531</start>
                <end isHard="true">610</end>
            </tw>
            <demand type="0">0</demand>
            <demand type="1">0</demand>
            <demand type="2">0</demand>
            <demand type="3">0</demand>
            <demand type="4">0</demand>
            <serviceTime>90</serviceTime>
            <skill id="1"/>
        </request>
        <request id="61" node="87">
            <tw>
                <start isHard="true">262</start>
                <end isHard="true">317</end>
            </tw>
            <demand type="0">0</demand>
            <demand type="1">0</demand>
            <demand type="2">1</demand>
            <demand type="3">1</demand>
            <demand type="4">0</demand>
            <serviceTime>90</serviceTime>
            <skill id="3"/>
            <tool id="3"/>
        </request>
        <request id="62" node="88">
            <tw>
                <start isHard="true">171</start>
                <end isHard="true">218</end>
            </tw>
            <demand type="0">0</demand>
            <demand type="1">1</demand>
            <demand type="2">0</demand>
            <demand type="3">0</demand>
            <demand type="4">1</demand>
            <serviceTime>90</serviceTime>
            <skill id="0"/>
            <tool id="0"/>
        </request>
        <request id="63" node="89">
            <tw>
                <start isHard="true">632</start>
                <end isHard="true">693</end>
            </tw>
            <demand type="0">1</demand>
            <demand type="1">0</demand>
            <demand type="2">0</demand>
            <demand type="3">0</demand>
            <demand type="4">0</demand>
            <serviceTime>90</serviceTime>
            <skill id="1"/>
            <tool id="2"/>
        </request>
        <request id="64" node="90">
            <tw>
                <start isHard="true">76</start>
                <end isHard="true">129</end>
            </tw>
            <demand type="0">0</demand>
            <demand type="1">0</demand>
            <demand type="2">1</demand>
            <demand type="3">0</demand>
            <demand type="4">0</demand>
            <serviceTime>90</serviceTime>
            <skill id="4"/>
        </request>
        <request id="65" node="91">
            <tw>
                <start isHard="true">826</start>
                <end isHard="true">875</end>
            </tw>
            <demand type="0">1</demand>
            <demand type="1">0</demand>
            <demand type="2">1</demand>
            <demand type="3">0</demand>
            <demand type="4">0</demand>
            <serviceTime>90</serviceTime>
            <skill id="2"/>
        </request>
        <request id="66" node="92">
            <tw>
                <start isHard="true">12</start>
                <end isHard="true">77</end>
            </tw>
            <demand type="0">0</demand>
            <demand type="1">1</demand>
            <demand type="2">0</demand>
            <demand type="3">0</demand>
            <demand type="4">1</demand>
            <serviceTime>90</serviceTime>
            <skill id="0"/>
            <tool id="0"/>
            <tool id="3"/>
        </request>
        <request id="67" node="93">
            <tw>
                <start isHard="true">734</start>
                <end isHard="true">777</end>
            </tw>
            <demand type="0">0</demand>
            <demand type="1">0</demand>
            <demand type="2">1</demand>
            <demand type="3">0</demand>
            <demand type="4">0</demand>
            <serviceTime>90</serviceTime>
            <skill id="4"/>
            <tool id="2"/>
        </request>
        <request id="68" node="94">
            <tw>
                <start isHard="true">916</start>
                <end isHard="true">969</end>
            </tw>
            <demand type="0">0</demand>
            <demand type="1">0</demand>
            <demand type="2">0</demand>
            <demand type="3">0</demand>
            <demand type="4">0</demand>
            <serviceTime>90</serviceTime>
            <skill id="4"/>
            <tool id="1"/>
            <tool id="3"/>
        </request>
        <request id="69" node="95">
            <tw>
                <start isHard="true">387</start>
                <end isHard="true">456</end>
            </tw>
            <demand type="0">0</demand>
            <demand type="1">0</demand>
            <demand type="2">0</demand>
            <demand type="3">0</demand>
            <demand type="4">0</demand>
            <serviceTime>90</serviceTime>
            <skill id="1"/>
        </request>
        <request id="70" node="96">
            <tw>
                <start isHard="true">293</start>
                <end isHard="true">360</end>
            </tw>
            <demand type="0">0</demand>
            <demand type="1">0</demand>
            <demand type="2">0</demand>
            <demand type="3">1</demand>
            <demand type="4">0</demand>
            <serviceTime>90</serviceTime>
            <skill id="3"/>
        </request>
        <request id="71" node="97">
            <tw>
                <start isHard="true">450</start>
                <end isHard="true">505</end>
            </tw>
            <demand type="0">0</demand>
            <demand type="1">1</demand>
            <demand type="2">0</demand>
            <demand type="3">0</demand>
            <demand type="4">0</demand>
            <serviceTime>90</serviceTime>
            <skill id="0"/>
        </request>
        <request id="72" node="98">
            <tw>
                <start isHard="true">478</start>
                <end isHard="true">551</end>
            </tw>
            <demand type="0">0</demand>
            <demand type="1">0</demand>
            <demand type="2">0</demand>
            <demand type="3">1</demand>
            <demand type="4">0</demand>
            <serviceTime>90</serviceTime>
            <skill id="3"/>
        </request>
        <request id="73" node="99">
            <tw>
                <start isHard="true">353</start>
                <end isHard="true">412</end>
            </tw>
            <demand type="0">0</demand>
            <demand type="1">0</demand>
            <demand type="2">0</demand>
            <demand type="3">0</demand>
            <demand type="4">0</demand>
            <serviceTime>90</serviceTime>
            <skill id="4"/>
            <tool id="1"/>
            <tool id="3"/>
        </request>
        <request id="74" node="100">
            <tw>
                <start isHard="true">997</start>
                <end isHard="true">1068</end>
            </tw>
            <demand type="0">0</demand>
            <demand type="1">0</demand>
            <demand type="2">0</demand>
            <demand type="3">0</demand>
            <demand type="4">0</demand>
            <serviceTime>90</serviceTime>
            <skill id="2"/>
            <tool id="3"/>
        </request>
        <request id="75" node="101">
            <tw>
                <start isHard="true">203</start>
                <end isHard="true">260</end>
            </tw>
            <demand type="0">0</demand>
            <demand type="1">1</demand>
            <demand type="2">0</demand>
            <demand type="3">0</demand>
            <demand type="4">0</demand>
            <serviceTime>90</serviceTime>
            <skill id="1"/>
            <tool id="1"/>
        </request>
        <request id="76" node="102">
            <tw>
                <start isHard="true">574</start>
                <end isHard="true">643</end>
            </tw>
            <demand type="0">1</demand>
            <demand type="1">0</demand>
            <demand type="2">1</demand>
            <demand type="3">0</demand>
            <demand type="4">0</demand>
            <serviceTime>90</serviceTime>
            <skill id="2"/>
            <tool id="3"/>
        </request>
        <request id="77" node="103">
            <tw>
                <start isHard="true">109</start>
                <end isHard="true">170</end>
            </tw>
            <demand type="0">1</demand>
            <demand type="1">0</demand>
            <demand type="2">1</demand>
            <demand type="3">0</demand>
            <demand type="4">0</demand>
            <serviceTime>90</serviceTime>
            <skill id="4"/>
            <tool id="1"/>
        </request>
        <request id="78" node="104">
            <tw>
                <start isHard="true">668</start>
                <end isHard="true">731</end>
            </tw>
            <demand type="0">0</demand>
            <demand type="1">1</demand>
            <demand type="2">0</demand>
            <demand type="3">0</demand>
            <demand type="4">0</demand>
            <serviceTime>90</serviceTime>
            <skill id="1"/>
            <tool id="1"/>
            <tool id="3"/>
        </request>
        <request id="79" node="105">
            <tw>
                <start isHard="true">769</start>
                <end isHard="true">820</end>
            </tw>
            <demand type="0">0</demand>
            <demand type="1">0</demand>
            <demand type="2">0</demand>
            <demand type="3">1</demand>
            <demand type="4">0</demand>
            <serviceTime>90</serviceTime>
            <skill id="3"/>
            <tool id="3"/>
        </request>
        <request id="80" node="106">
            <tw>
                <start isHard="true">47</start>
                <end isHard="true">124</end>
            </tw>
            <demand type="0">0</demand>
            <demand type="1">0</demand>
            <demand type="2">1</demand>
            <demand type="3">1</demand>
            <demand type="4">0</demand>
            <serviceTime>90</serviceTime>
            <skill id="3"/>
            <tool id="3"/>
        </request>
        <request id="81" node="107">
            <tw>
                <start isHard="true">369</start>
                <end isHard="true">420</end>
            </tw>
            <demand type="0">0</demand>
            <demand type="1">0</demand>
            <demand type="2">0</demand>
            <demand type="3">0</demand>
            <demand type="4">1</demand>
            <serviceTime>90</serviceTime>
            <skill id="0"/>
        </request>
        <request id="82" node="108">
            <tw>
                <start isHard="true">265</start>
                <end isHard="true">338</end>
            </tw>
            <demand type="0">0</demand>
            <demand type="1">0</demand>
            <demand type="2">0</demand>
            <demand type="3">0</demand>
            <demand type="4">0</demand>
            <serviceTime>90</serviceTime>
            <skill id="4"/>
            <tool id="2"/>
        </request>
        <request id="83" node="109">
            <tw>
                <start isHard="true">458</start>
                <end isHard="true">523</end>
            </tw>
            <demand type="0">1</demand>
            <demand type="1">0</demand>
            <demand type="2">0</demand>
            <demand type="3">0</demand>
            <demand type="4">0</demand>
            <serviceTime>90</serviceTime>
            <skill id="2"/>
        </request>
        <request id="84" node="110">
            <tw>
                <start isHard="true">555</start>
                <end isHard="true">612</end>
            </tw>
            <demand type="0">1</demand>
            <demand type="1">0</demand>
            <demand type="2">0</demand>
            <demand type="3">0</demand>
            <demand type="4">0</demand>
            <serviceTime>90</serviceTime>
            <skill id="1"/>
            <tool id="3"/>
        </request>
        <request id="85" node="111">
            <tw>
                <start isHard="true">173</start>
                <end isHard="true">238</end>
            </tw>
            <demand type="0">0</demand>
            <demand type="1">0</demand>
            <demand type="2">1</demand>
            <demand type="3">1</demand>
            <demand type="4">0</demand>
            <serviceTime>90</serviceTime>
            <skill id="3"/>
            <tool id="1"/>
            <tool id="3"/>
        </request>
        <request id="86" node="112">
            <tw>
                <start isHard="true">85</start>
                <end isHard="true">144</end>
            </tw>
            <demand type="0">0</demand>
            <demand type="1">1</demand>
            <demand type="2">0</demand>
            <demand type="3">0</demand>
            <demand type="4">1</demand>
            <serviceTime>90</serviceTime>
            <skill id="0"/>
        </request>
        <request id="87" node="113">
            <tw>
                <start isHard="true">645</start>
                <end isHard="true">708</end>
            </tw>
            <demand type="0">0</demand>
            <demand type="1">1</demand>
            <demand type="2">0</demand>
            <demand type="3">0</demand>
            <demand type="4">1</demand>
            <serviceTime>90</serviceTime>
            <skill id="0"/>
        </request>
        <request id="88" node="114">
            <tw>
                <start isHard="true">737</start>
                <end isHard="true">802</end>
            </tw>
            <demand type="0">0</demand>
            <demand type="1">0</demand>
            <demand type="2">1</demand>
            <demand type="3">1</demand>
            <demand type="4">0</demand>
            <serviceTime>90</serviceTime>
            <skill id="3"/>
        </request>
        <request id="89" node="115">
            <tw>
                <start isHard="true">20</start>
                <end isHard="true">84</end>
            </tw>
            <demand type="0">0</demand>
            <demand type="1">0</demand>
            <demand type="2">1</demand>
            <demand type="3">0</demand>
            <demand type="4">0</demand>
            <serviceTime>90</serviceTime>
            <skill id="2"/>
            <tool id="3"/>
        </request>
        <request id="90" node="116">
            <tw>
                <start isHard="true">836</start>
                <end isHard="true">889</end>
            </tw>
            <demand type="0">1</demand>
            <demand type="1">0</demand>
            <demand type="2">1</demand>
            <demand type="3">0</demand>
            <demand type="4">0</demand>
            <serviceTime>90</serviceTime>
            <skill id="4"/>
            <tool id="2"/>
        </request>
        <request id="91" node="117">
            <tw>
                <start isHard="true">368</start>
                <end isHard="true">441</end>
            </tw>
            <demand type="0">0</demand>
            <demand type="1">0</demand>
            <demand type="2">0</demand>
            <demand type="3">0</demand>
            <demand type="4">0</demand>
            <serviceTime>90</serviceTime>
            <skill id="2"/>
            <tool id="1"/>
        </request>
        <request id="92" node="118">
            <tw>
                <start isHard="true">475</start>
                <end isHard="true">518</end>
            </tw>
            <demand type="0">0</demand>
            <demand type="1">0</demand>
            <demand type="2">0</demand>
            <demand type="3">0</demand>
            <demand type="4">1</demand>
            <serviceTime>90</serviceTime>
            <skill id="0"/>
        </request>
        <request id="93" node="119">
            <tw>
                <start isHard="true">285</start>
                <end isHard="true">336</end>
            </tw>
            <demand type="0">0</demand>
            <demand type="1">0</demand>
            <demand type="2">0</demand>
            <demand type="3">0</demand>
            <demand type="4">0</demand>
            <serviceTime>90</serviceTime>
            <skill id="0"/>
        </request>
        <request id="94" node="120">
            <tw>
                <start isHard="true">196</start>
                <end isHard="true">239</end>
            </tw>
            <demand type="0">1</demand>
            <demand type="1">0</demand>
            <demand type="2">1</demand>
            <demand type="3">0</demand>
            <demand type="4">0</demand>
            <serviceTime>90</serviceTime>
            <skill id="4"/>
        </request>
        <request id="95" node="121">
            <tw>
                <start isHard="true">95</start>
                <end isHard="true">156</end>
            </tw>
            <demand type="0">0</demand>
            <demand type="1">0</demand>
            <demand type="2">0</demand>
            <demand type="3">0</demand>
            <demand type="4">0</demand>
            <serviceTime>90</serviceTime>
            <skill id="2"/>
            <tool id="1"/>
            <tool id="3"/>
        </request>
        <request id="96" node="122">
            <tw>
                <start isHard="true">561</start>
                <end isHard="true">622</end>
            </tw>
            <demand type="0">0</demand>
            <demand type="1">0</demand>
            <demand type="2">1</demand>
            <demand type="3">0</demand>
            <demand type="4">0</demand>
            <serviceTime>90</serviceTime>
            <skill id="4"/>
            <tool id="3"/>
        </request>
        <request id="97" node="123">
            <tw>
                <start isHard="true">30</start>
                <end isHard="true">84</end>
            </tw>
            <demand type="0">0</demand>
            <demand type="1">1</demand>
            <demand type="2">0</demand>
            <demand type="3">0</demand>
            <demand type="4">0</demand>
            <serviceTime>90</serviceTime>
            <skill id="1"/>
        </request>
        <request id="98" node="124">
            <tw>
                <start isHard="true">743</start>
                <end isHard="true">820</end>
            </tw>
            <demand type="0">1</demand>
            <demand type="1">0</demand>
            <demand type="2">1</demand>
            <demand type="3">0</demand>
            <demand type="4">0</demand>
            <serviceTime>90</serviceTime>
            <skill id="4"/>
        </request>
        <request id="99" node="125">
            <tw>
                <start isHard="true">647</start>
                <end isHard="true">726</end>
            </tw>
            <demand type="0">0</demand>
            <demand type="1">1</demand>
            <demand type="2">0</demand>
            <demand type="3">0</demand>
            <demand type="4">1</demand>
            <serviceTime>90</serviceTime>
            <skill id="0"/>
            <tool id="0"/>
            <tool id="3"/>
        </request>
    </requests>
</instance>
