<?xml version="1.0" encoding="UTF-8" standalone="yes"?>
<instance>
    <info>
        <name>A-n32-k5</name>
        <problem>CVRP</problem>
        <reference>Augerat, P.; Belenguer, J.; Benavent, E.; Corbern, A.; Naddef,D.; and Rinaldi, G. 1995. Computational results with a branch and cut code for the capacitated vehicle routing problem. Technical Report 949-M, Universite Joseph Fourier, Grenoble.</reference>
        <contributor>
            <name>Maxim Hoskins</name>
            <email>maxim.hoskins@gmail.com</email>
        </contributor>
    </info>
    <network>
        <nodes>
            <node type="0" id="1">
                <location>
                    <euclidean>
                        <cx>82.0</cx>
                        <cy>76.0</cy>
                    </euclidean>
                </location>
            </node>
            <node type="1" id="2">
                <location>
                    <euclidean>
                        <cx>96.0</cx>
                        <cy>44.0</cy>
                    </euclidean>
                </location>
            </node>
            <node type="1" id="3">
                <location>
                    <euclidean>
                        <cx>50.0</cx>
                        <cy>5.0</cy>
                    </euclidean>
                </location>
            </node>
            <node type="1" id="4">
                <location>
                    <euclidean>
                        <cx>49.0</cx>
                        <cy>8.0</cy>
                    </euclidean>
                </location>
            </node>
            <node type="1" id="5">
                <location>
                    <euclidean>
                        <cx>13.0</cx>
                        <cy>7.0</cy>
                    </euclidean>
                </location>
            </node>
            <node type="1" id="6">
                <location>
                    <euclidean>
                        <cx>29.0</cx>
                        <cy>89.0</cy>
                    </euclidean>
                </location>
            </node>
            <node type="1" id="7">
                <location>
                    <euclidean>
                        <cx>58.0</cx>
                        <cy>30.0</cy>
                    </euclidean>
                </location>
            </node>
            <node type="1" id="8">
                <location>
                    <euclidean>
                        <cx>84.0</cx>
                        <cy>39.0</cy>
                    </euclidean>
                </location>
            </node>
            <node type="1" id="9">
                <location>
                    <euclidean>
                        <cx>14.0</cx>
                        <cy>24.0</cy>
                    </euclidean>
                </location>
            </node>
            <node type="1" id="10">
                <location>
                    <euclidean>
                        <cx>2.0</cx>
                        <cy>39.0</cy>
                    </euclidean>
                </location>
            </node>
            <node type="1" id="11">
                <location>
                    <euclidean>
                        <cx>3.0</cx>
                        <cy>82.0</cy>
                    </euclidean>
                </location>
            </node>
            <node type="1" id="12">
                <location>
                    <euclidean>
                        <cx>5.0</cx>
                        <cy>10.0</cy>
                    </euclidean>
                </location>
            </node>
            <node type="1" id="13">
                <location>
                    <euclidean>
                        <cx>98.0</cx>
                        <cy>52.0</cy>
                    </euclidean>
                </location>
            </node>
            <node type="1" id="14">
                <location>
                    <euclidean>
                        <cx>84.0</cx>
                        <cy>25.0</cy>
                    </euclidean>
                </location>
            </node>
            <node type="1" id="15">
                <location>
                    <euclidean>
                        <cx>61.0</cx>
                        <cy>59.0</cy>
                    </euclidean>
                </location>
            </node>
            <node type="1" id="16">
                <location>
                    <euclidean>
                        <cx>1.0</cx>
                        <cy>65.0</cy>
                    </euclidean>
                </location>
            </node>
            <node type="1" id="17">
                <location>
                    <euclidean>
                        <cx>88.0</cx>
                        <cy>51.0</cy>
                    </euclidean>
                </location>
            </node>
            <node type="1" id="18">
                <location>
                    <euclidean>
                        <cx>91.0</cx>
                        <cy>2.0</cy>
                    </euclidean>
                </location>
            </node>
            <node type="1" id="19">
                <location>
                    <euclidean>
                        <cx>19.0</cx>
                        <cy>32.0</cy>
                    </euclidean>
                </location>
            </node>
            <node type="1" id="20">
                <location>
                    <euclidean>
                        <cx>93.0</cx>
                        <cy>3.0</cy>
                    </euclidean>
                </location>
            </node>
            <node type="1" id="21">
                <location>
                    <euclidean>
                        <cx>50.0</cx>
                        <cy>93.0</cy>
                    </euclidean>
                </location>
            </node>
            <node type="1" id="22">
                <location>
                    <euclidean>
                        <cx>98.0</cx>
                        <cy>14.0</cy>
                    </euclidean>
                </location>
            </node>
            <node type="1" id="23">
                <location>
                    <euclidean>
                        <cx>5.0</cx>
                        <cy>42.0</cy>
                    </euclidean>
                </location>
            </node>
            <node type="1" id="24">
                <location>
                    <euclidean>
                        <cx>42.0</cx>
                        <cy>9.0</cy>
                    </euclidean>
                </location>
            </node>
            <node type="1" id="25">
                <location>
                    <euclidean>
                        <cx>61.0</cx>
                        <cy>62.0</cy>
                    </euclidean>
                </location>
            </node>
            <node type="1" id="26">
                <location>
                    <euclidean>
                        <cx>9.0</cx>
                        <cy>97.0</cy>
                    </euclidean>
                </location>
            </node>
            <node type="1" id="27">
                <location>
                    <euclidean>
                        <cx>80.0</cx>
                        <cy>55.0</cy>
                    </euclidean>
                </location>
            </node>
            <node type="1" id="28">
                <location>
                    <euclidean>
                        <cx>57.0</cx>
                        <cy>69.0</cy>
                    </euclidean>
                </location>
            </node>
            <node type="1" id="29">
                <location>
                    <euclidean>
                        <cx>23.0</cx>
                        <cy>15.0</cy>
                    </euclidean>
                </location>
            </node>
            <node type="1" id="30">
                <location>
                    <euclidean>
                        <cx>20.0</cx>
                        <cy>70.0</cy>
                    </euclidean>
                </location>
            </node>
            <node type="1" id="31">
                <location>
                    <euclidean>
                        <cx>85.0</cx>
                        <cy>60.0</cy>
                    </euclidean>
                </location>
            </node>
            <node type="1" id="32">
                <location>
                    <euclidean>
                        <cx>98.0</cx>
                        <cy>5.0</cy>
                    </euclidean>
                </location>
            </node>
        </nodes>
        <descriptor>
            <isComplete>true</isComplete>
            <distanceType>EUC_2D</distanceType>
            <custom>
                <optimalValue>784</optimalValue>
            </custom>
        </descriptor>
    </network>
    <fleet>
        <vehicle>
            <capacity>100.0</capacity>
            <custom>
                <mininumNumber>5</mininumNumber>
            </custom>
        </vehicle>
    </fleet>
    <requests>
        <request node="1" id="1">
            <demand>0</demand>
        </request>
        <request node="2" id="2">
            <demand>19</demand>
        </request>
        <request node="3" id="3">
            <demand>21</demand>
        </request>
        <request node="4" id="4">
            <demand>6</demand>
        </request>
        <request node="5" id="5">
            <demand>19</demand>
        </request>
        <request node="6" id="6">
            <demand>7</demand>
        </request>
        <request node="7" id="7">
            <demand>12</demand>
        </request>
        <request node="8" id="8">
            <demand>16</demand>
        </request>
        <request node="9" id="9">
            <demand>6</demand>
        </request>
        <request node="10" id="10">
            <demand>16</demand>
        </request>
        <request node="11" id="11">
            <demand>8</demand>
        </request>
        <request node="12" id="12">
            <demand>14</demand>
        </request>
        <request node="13" id="13">
            <demand>21</demand>
        </request>
        <request node="14" id="14">
            <demand>16</demand>
        </request>
        <request node="15" id="15">
            <demand>3</demand>
        </request>
        <request node="16" id="16">
            <demand>22</demand>
        </request>
        <request node="17" id="17">
            <demand>18</demand>
        </request>
        <request node="18" id="18">
            <demand>19</demand>
        </request>
        <request node="19" id="19">
            <demand>1</demand>
        </request>
        <request node="20" id="20">
            <demand>24</demand>
        </request>
        <request node="21" id="21">
            <demand>8</demand>
        </request>
        <request node="22" id="22">
            <demand>12</demand>
        </request>
        <request node="23" id="23">
            <demand>4</demand>
        </request>
        <request node="24" id="24">
            <demand>8</demand>
        </request>
        <request node="25" id="25">
            <demand>24</demand>
        </request>
        <request node="26" id="26">
            <demand>24</demand>
        </request>
        <request node="27" id="27">
            <demand>2</demand>
        </request>
        <request node="28" id="28">
            <demand>20</demand>
        </request>
        <request node="29" id="29">
            <demand>15</demand>
        </request>
        <request node="30" id="30">
            <demand>2</demand>
        </request>
        <request node="31" id="31">
            <demand>14</demand>
        </request>
        <request node="32" id="32">
            <demand>9</demand>
        </request>
    </requests>
</instance>
