<?xml version="1.0" encoding="UTF-8" standalone="yes"?>
<instance>
    <info>
        <name>A-n32-k5</name>
        <problem>VRPSD</problem>
        <reference>Christiansen, C., Lysgaard, J. A branch-and-price algorithm for the capacitated vehicle routing problem with stochastic demands. Operations Research Letters, 2007, 35, 773-781.</reference>
        <contributor>
            <name>Maxim Hoskins</name>
            <email>maxim.hoskins@gmail.com</email>
        </contributor>
    </info>
    <network>
        <nodes>
            <node type="0" id="0"/>
            <node type="1" id="1"/>
            <node type="1" id="2"/>
            <node type="1" id="3"/>
            <node type="1" id="4"/>
            <node type="1" id="5"/>
            <node type="1" id="6"/>
            <node type="1" id="7"/>
            <node type="1" id="8"/>
            <node type="1" id="9"/>
            <node type="1" id="10"/>
            <node type="1" id="11"/>
            <node type="1" id="12"/>
            <node type="1" id="13"/>
            <node type="1" id="14"/>
            <node type="1" id="15"/>
            <node type="1" id="16"/>
            <node type="1" id="17"/>
            <node type="1" id="18"/>
            <node type="1" id="19"/>
            <node type="1" id="20"/>
            <node type="1" id="21"/>
            <node type="1" id="22"/>
            <node type="1" id="23"/>
            <node type="1" id="24"/>
            <node type="1" id="25"/>
            <node type="1" id="26"/>
            <node type="1" id="27"/>
            <node type="1" id="28"/>
            <node type="1" id="29"/>
            <node type="1" id="30"/>
            <node type="1" id="31"/>
        </nodes>
        <links>
            <link head="0" tail="1">
                <length>35.0</length>
            </link>
            <link head="0" tail="2">
                <length>78.0</length>
            </link>
            <link head="0" tail="3">
                <length>76.0</length>
            </link>
            <link head="0" tail="4">
                <length>98.0</length>
            </link>
            <link head="0" tail="5">
                <length>55.0</length>
            </link>
            <link head="0" tail="6">
                <length>52.0</length>
            </link>
            <link head="0" tail="7">
                <length>37.0</length>
            </link>
            <link head="0" tail="8">
                <length>86.0</length>
            </link>
            <link head="0" tail="9">
                <length>88.0</length>
            </link>
            <link head="0" tail="10">
                <length>79.0</length>
            </link>
            <link head="0" tail="11">
                <length>101.0</length>
            </link>
            <link head="0" tail="12">
                <length>29.0</length>
            </link>
            <link head="0" tail="13">
                <length>51.0</length>
            </link>
            <link head="0" tail="14">
                <length>27.0</length>
            </link>
            <link head="0" tail="15">
                <length>82.0</length>
            </link>
            <link head="0" tail="16">
                <length>26.0</length>
            </link>
            <link head="0" tail="17">
                <length>75.0</length>
            </link>
            <link head="0" tail="18">
                <length>77.0</length>
            </link>
            <link head="0" tail="19">
                <length>74.0</length>
            </link>
            <link head="0" tail="20">
                <length>36.0</length>
            </link>
            <link head="0" tail="21">
                <length>64.0</length>
            </link>
            <link head="0" tail="22">
                <length>84.0</length>
            </link>
            <link head="0" tail="23">
                <length>78.0</length>
            </link>
            <link head="0" tail="24">
                <length>25.0</length>
            </link>
            <link head="0" tail="25">
                <length>76.0</length>
            </link>
            <link head="0" tail="26">
                <length>21.0</length>
            </link>
            <link head="0" tail="27">
                <length>26.0</length>
            </link>
            <link head="0" tail="28">
                <length>85.0</length>
            </link>
            <link head="0" tail="29">
                <length>62.0</length>
            </link>
            <link head="0" tail="30">
                <length>16.0</length>
            </link>
            <link head="0" tail="31">
                <length>73.0</length>
            </link>
            <link head="1" tail="2">
                <length>60.0</length>
            </link>
            <link head="1" tail="3">
                <length>59.0</length>
            </link>
            <link head="1" tail="4">
                <length>91.0</length>
            </link>
            <link head="1" tail="5">
                <length>81.0</length>
            </link>
            <link head="1" tail="6">
                <length>40.0</length>
            </link>
            <link head="1" tail="7">
                <length>13.0</length>
            </link>
            <link head="1" tail="8">
                <length>84.0</length>
            </link>
            <link head="1" tail="9">
                <length>94.0</length>
            </link>
            <link head="1" tail="10">
                <length>100.0</length>
            </link>
            <link head="1" tail="11">
                <length>97.0</length>
            </link>
            <link head="1" tail="12">
                <length>8.0</length>
            </link>
            <link head="1" tail="13">
                <length>22.0</length>
            </link>
            <link head="1" tail="14">
                <length>38.0</length>
            </link>
            <link head="1" tail="15">
                <length>97.0</length>
            </link>
            <link head="1" tail="16">
                <length>11.0</length>
            </link>
            <link head="1" tail="17">
                <length>42.0</length>
            </link>
            <link head="1" tail="18">
                <length>78.0</length>
            </link>
            <link head="1" tail="19">
                <length>41.0</length>
            </link>
            <link head="1" tail="20">
                <length>67.0</length>
            </link>
            <link head="1" tail="21">
                <length>30.0</length>
            </link>
            <link head="1" tail="22">
                <length>91.0</length>
            </link>
            <link head="1" tail="23">
                <length>64.0</length>
            </link>
            <link head="1" tail="24">
                <length>39.0</length>
            </link>
            <link head="1" tail="25">
                <length>102.0</length>
            </link>
            <link head="1" tail="26">
                <length>19.0</length>
            </link>
            <link head="1" tail="27">
                <length>46.0</length>
            </link>
            <link head="1" tail="28">
                <length>79.0</length>
            </link>
            <link head="1" tail="29">
                <length>80.0</length>
            </link>
            <link head="1" tail="30">
                <length>19.0</length>
            </link>
            <link head="1" tail="31">
                <length>39.0</length>
            </link>
            <link head="2" tail="3">
                <length>3.0</length>
            </link>
            <link head="2" tail="4">
                <length>37.0</length>
            </link>
            <link head="2" tail="5">
                <length>87.0</length>
            </link>
            <link head="2" tail="6">
                <length>26.0</length>
            </link>
            <link head="2" tail="7">
                <length>48.0</length>
            </link>
            <link head="2" tail="8">
                <length>41.0</length>
            </link>
            <link head="2" tail="9">
                <length>59.0</length>
            </link>
            <link head="2" tail="10">
                <length>90.0</length>
            </link>
            <link head="2" tail="11">
                <length>45.0</length>
            </link>
            <link head="2" tail="12">
                <length>67.0</length>
            </link>
            <link head="2" tail="13">
                <length>39.0</length>
            </link>
            <link head="2" tail="14">
                <length>55.0</length>
            </link>
            <link head="2" tail="15">
                <length>77.0</length>
            </link>
            <link head="2" tail="16">
                <length>60.0</length>
            </link>
            <link head="2" tail="17">
                <length>41.0</length>
            </link>
            <link head="2" tail="18">
                <length>41.0</length>
            </link>
            <link head="2" tail="19">
                <length>43.0</length>
            </link>
            <link head="2" tail="20">
                <length>88.0</length>
            </link>
            <link head="2" tail="21">
                <length>49.0</length>
            </link>
            <link head="2" tail="22">
                <length>58.0</length>
            </link>
            <link head="2" tail="23">
                <length>9.0</length>
            </link>
            <link head="2" tail="24">
                <length>58.0</length>
            </link>
            <link head="2" tail="25">
                <length>101.0</length>
            </link>
            <link head="2" tail="26">
                <length>58.0</length>
            </link>
            <link head="2" tail="27">
                <length>64.0</length>
            </link>
            <link head="2" tail="28">
                <length>29.0</length>
            </link>
            <link head="2" tail="29">
                <length>72.0</length>
            </link>
            <link head="2" tail="30">
                <length>65.0</length>
            </link>
            <link head="2" tail="31">
                <length>48.0</length>
            </link>
            <link head="3" tail="4">
                <length>36.0</length>
            </link>
            <link head="3" tail="5">
                <length>83.0</length>
            </link>
            <link head="3" tail="6">
                <length>24.0</length>
            </link>
            <link head="3" tail="7">
                <length>47.0</length>
            </link>
            <link head="3" tail="8">
                <length>38.0</length>
            </link>
            <link head="3" tail="9">
                <length>56.0</length>
            </link>
            <link head="3" tail="10">
                <length>87.0</length>
            </link>
            <link head="3" tail="11">
                <length>44.0</length>
            </link>
            <link head="3" tail="12">
                <length>66.0</length>
            </link>
            <link head="3" tail="13">
                <length>39.0</length>
            </link>
            <link head="3" tail="14">
                <length>52.0</length>
            </link>
            <link head="3" tail="15">
                <length>75.0</length>
            </link>
            <link head="3" tail="16">
                <length>58.0</length>
            </link>
            <link head="3" tail="17">
                <length>42.0</length>
            </link>
            <link head="3" tail="18">
                <length>38.0</length>
            </link>
            <link head="3" tail="19">
                <length>44.0</length>
            </link>
            <link head="3" tail="20">
                <length>85.0</length>
            </link>
            <link head="3" tail="21">
                <length>49.0</length>
            </link>
            <link head="3" tail="22">
                <length>56.0</length>
            </link>
            <link head="3" tail="23">
                <length>7.0</length>
            </link>
            <link head="3" tail="24">
                <length>55.0</length>
            </link>
            <link head="3" tail="25">
                <length>98.0</length>
            </link>
            <link head="3" tail="26">
                <length>56.0</length>
            </link>
            <link head="3" tail="27">
                <length>62.0</length>
            </link>
            <link head="3" tail="28">
                <length>27.0</length>
            </link>
            <link head="3" tail="29">
                <length>68.0</length>
            </link>
            <link head="3" tail="30">
                <length>63.0</length>
            </link>
            <link head="3" tail="31">
                <length>49.0</length>
            </link>
            <link head="4" tail="5">
                <length>84.0</length>
            </link>
            <link head="4" tail="6">
                <length>51.0</length>
            </link>
            <link head="4" tail="7">
                <length>78.0</length>
            </link>
            <link head="4" tail="8">
                <length>17.0</length>
            </link>
            <link head="4" tail="9">
                <length>34.0</length>
            </link>
            <link head="4" tail="10">
                <length>76.0</length>
            </link>
            <link head="4" tail="11">
                <length>9.0</length>
            </link>
            <link head="4" tail="12">
                <length>96.0</length>
            </link>
            <link head="4" tail="13">
                <length>73.0</length>
            </link>
            <link head="4" tail="14">
                <length>71.0</length>
            </link>
            <link head="4" tail="15">
                <length>59.0</length>
            </link>
            <link head="4" tail="16">
                <length>87.0</length>
            </link>
            <link head="4" tail="17">
                <length>78.0</length>
            </link>
            <link head="4" tail="18">
                <length>26.0</length>
            </link>
            <link head="4" tail="19">
                <length>80.0</length>
            </link>
            <link head="4" tail="20">
                <length>94.0</length>
            </link>
            <link head="4" tail="21">
                <length>85.0</length>
            </link>
            <link head="4" tail="22">
                <length>36.0</length>
            </link>
            <link head="4" tail="23">
                <length>29.0</length>
            </link>
            <link head="4" tail="24">
                <length>73.0</length>
            </link>
            <link head="4" tail="25">
                <length>90.0</length>
            </link>
            <link head="4" tail="26">
                <length>82.0</length>
            </link>
            <link head="4" tail="27">
                <length>76.0</length>
            </link>
            <link head="4" tail="28">
                <length>13.0</length>
            </link>
            <link head="4" tail="29">
                <length>63.0</length>
            </link>
            <link head="4" tail="30">
                <length>89.0</length>
            </link>
            <link head="4" tail="31">
                <length>85.0</length>
            </link>
            <link head="5" tail="6">
                <length>66.0</length>
            </link>
            <link head="5" tail="7">
                <length>74.0</length>
            </link>
            <link head="5" tail="8">
                <length>67.0</length>
            </link>
            <link head="5" tail="9">
                <length>57.0</length>
            </link>
            <link head="5" tail="10">
                <length>27.0</length>
            </link>
            <link head="5" tail="11">
                <length>83.0</length>
            </link>
            <link head="5" tail="12">
                <length>78.0</length>
            </link>
            <link head="5" tail="13">
                <length>84.0</length>
            </link>
            <link head="5" tail="14">
                <length>44.0</length>
            </link>
            <link head="5" tail="15">
                <length>37.0</length>
            </link>
            <link head="5" tail="16">
                <length>70.0</length>
            </link>
            <link head="5" tail="17">
                <length>107.0</length>
            </link>
            <link head="5" tail="18">
                <length>58.0</length>
            </link>
            <link head="5" tail="19">
                <length>107.0</length>
            </link>
            <link head="5" tail="20">
                <length>21.0</length>
            </link>
            <link head="5" tail="21">
                <length>102.0</length>
            </link>
            <link head="5" tail="22">
                <length>53.0</length>
            </link>
            <link head="5" tail="23">
                <length>81.0</length>
            </link>
            <link head="5" tail="24">
                <length>42.0</length>
            </link>
            <link head="5" tail="25">
                <length>22.0</length>
            </link>
            <link head="5" tail="26">
                <length>61.0</length>
            </link>
            <link head="5" tail="27">
                <length>34.0</length>
            </link>
            <link head="5" tail="28">
                <length>74.0</length>
            </link>
            <link head="5" tail="29">
                <length>21.0</length>
            </link>
            <link head="5" tail="30">
                <length>63.0</length>
            </link>
            <link head="5" tail="31">
                <length>109.0</length>
            </link>
            <link head="6" tail="7">
                <length>28.0</length>
            </link>
            <link head="6" tail="8">
                <length>44.0</length>
            </link>
            <link head="6" tail="9">
                <length>57.0</length>
            </link>
            <link head="6" tail="10">
                <length>76.0</length>
            </link>
            <link head="6" tail="11">
                <length>57.0</length>
            </link>
            <link head="6" tail="12">
                <length>46.0</length>
            </link>
            <link head="6" tail="13">
                <length>26.0</length>
            </link>
            <link head="6" tail="14">
                <length>29.0</length>
            </link>
            <link head="6" tail="15">
                <length>67.0</length>
            </link>
            <link head="6" tail="16">
                <length>37.0</length>
            </link>
            <link head="6" tail="17">
                <length>43.0</length>
            </link>
            <link head="6" tail="18">
                <length>39.0</length>
            </link>
            <link head="6" tail="19">
                <length>44.0</length>
            </link>
            <link head="6" tail="20">
                <length>64.0</length>
            </link>
            <link head="6" tail="21">
                <length>43.0</length>
            </link>
            <link head="6" tail="22">
                <length>54.0</length>
            </link>
            <link head="6" tail="23">
                <length>26.0</length>
            </link>
            <link head="6" tail="24">
                <length>32.0</length>
            </link>
            <link head="6" tail="25">
                <length>83.0</length>
            </link>
            <link head="6" tail="26">
                <length>33.0</length>
            </link>
            <link head="6" tail="27">
                <length>39.0</length>
            </link>
            <link head="6" tail="28">
                <length>38.0</length>
            </link>
            <link head="6" tail="29">
                <length>55.0</length>
            </link>
            <link head="6" tail="30">
                <length>40.0</length>
            </link>
            <link head="6" tail="31">
                <length>47.0</length>
            </link>
            <link head="7" tail="8">
                <length>72.0</length>
            </link>
            <link head="7" tail="9">
                <length>82.0</length>
            </link>
            <link head="7" tail="10">
                <length>92.0</length>
            </link>
            <link head="7" tail="11">
                <length>84.0</length>
            </link>
            <link head="7" tail="12">
                <length>19.0</length>
            </link>
            <link head="7" tail="13">
                <length>14.0</length>
            </link>
            <link head="7" tail="14">
                <length>30.0</length>
            </link>
            <link head="7" tail="15">
                <length>87.0</length>
            </link>
            <link head="7" tail="16">
                <length>13.0</length>
            </link>
            <link head="7" tail="17">
                <length>38.0</length>
            </link>
            <link head="7" tail="18">
                <length>65.0</length>
            </link>
            <link head="7" tail="19">
                <length>37.0</length>
            </link>
            <link head="7" tail="20">
                <length>64.0</length>
            </link>
            <link head="7" tail="21">
                <length>29.0</length>
            </link>
            <link head="7" tail="22">
                <length>79.0</length>
            </link>
            <link head="7" tail="23">
                <length>52.0</length>
            </link>
            <link head="7" tail="24">
                <length>33.0</length>
            </link>
            <link head="7" tail="25">
                <length>95.0</length>
            </link>
            <link head="7" tail="26">
                <length>16.0</length>
            </link>
            <link head="7" tail="27">
                <length>40.0</length>
            </link>
            <link head="7" tail="28">
                <length>66.0</length>
            </link>
            <link head="7" tail="29">
                <length>71.0</length>
            </link>
            <link head="7" tail="30">
                <length>21.0</length>
            </link>
            <link head="7" tail="31">
                <length>37.0</length>
            </link>
            <link head="8" tail="9">
                <length>19.0</length>
            </link>
            <link head="8" tail="10">
                <length>59.0</length>
            </link>
            <link head="8" tail="11">
                <length>17.0</length>
            </link>
            <link head="8" tail="12">
                <length>89.0</length>
            </link>
            <link head="8" tail="13">
                <length>70.0</length>
            </link>
            <link head="8" tail="14">
                <length>59.0</length>
            </link>
            <link head="8" tail="15">
                <length>43.0</length>
            </link>
            <link head="8" tail="16">
                <length>79.0</length>
            </link>
            <link head="8" tail="17">
                <length>80.0</length>
            </link>
            <link head="8" tail="18">
                <length>9.0</length>
            </link>
            <link head="8" tail="19">
                <length>82.0</length>
            </link>
            <link head="8" tail="20">
                <length>78.0</length>
            </link>
            <link head="8" tail="21">
                <length>85.0</length>
            </link>
            <link head="8" tail="22">
                <length>20.0</length>
            </link>
            <link head="8" tail="23">
                <length>32.0</length>
            </link>
            <link head="8" tail="24">
                <length>60.0</length>
            </link>
            <link head="8" tail="25">
                <length>73.0</length>
            </link>
            <link head="8" tail="26">
                <length>73.0</length>
            </link>
            <link head="8" tail="27">
                <length>62.0</length>
            </link>
            <link head="8" tail="28">
                <length>13.0</length>
            </link>
            <link head="8" tail="29">
                <length>46.0</length>
            </link>
            <link head="8" tail="30">
                <length>80.0</length>
            </link>
            <link head="8" tail="31">
                <length>86.0</length>
            </link>
            <link head="9" tail="10">
                <length>43.0</length>
            </link>
            <link head="9" tail="11">
                <length>29.0</length>
            </link>
            <link head="9" tail="12">
                <length>97.0</length>
            </link>
            <link head="9" tail="13">
                <length>83.0</length>
            </link>
            <link head="9" tail="14">
                <length>62.0</length>
            </link>
            <link head="9" tail="15">
                <length>26.0</length>
            </link>
            <link head="9" tail="16">
                <length>87.0</length>
            </link>
            <link head="9" tail="17">
                <length>96.0</length>
            </link>
            <link head="9" tail="18">
                <length>18.0</length>
            </link>
            <link head="9" tail="19">
                <length>98.0</length>
            </link>
            <link head="9" tail="20">
                <length>72.0</length>
            </link>
            <link head="9" tail="21">
                <length>99.0</length>
            </link>
            <link head="9" tail="22">
                <length>4.0</length>
            </link>
            <link head="9" tail="23">
                <length>50.0</length>
            </link>
            <link head="9" tail="24">
                <length>63.0</length>
            </link>
            <link head="9" tail="25">
                <length>58.0</length>
            </link>
            <link head="9" tail="26">
                <length>80.0</length>
            </link>
            <link head="9" tail="27">
                <length>63.0</length>
            </link>
            <link head="9" tail="28">
                <length>32.0</length>
            </link>
            <link head="9" tail="29">
                <length>36.0</length>
            </link>
            <link head="9" tail="30">
                <length>86.0</length>
            </link>
            <link head="9" tail="31">
                <length>102.0</length>
            </link>
            <link head="10" tail="11">
                <length>72.0</length>
            </link>
            <link head="10" tail="12">
                <length>100.0</length>
            </link>
            <link head="10" tail="13">
                <length>99.0</length>
            </link>
            <link head="10" tail="14">
                <length>62.0</length>
            </link>
            <link head="10" tail="15">
                <length>17.0</length>
            </link>
            <link head="10" tail="16">
                <length>90.0</length>
            </link>
            <link head="10" tail="17">
                <length>119.0</length>
            </link>
            <link head="10" tail="18">
                <length>52.0</length>
            </link>
            <link head="10" tail="19">
                <length>120.0</length>
            </link>
            <link head="10" tail="20">
                <length>48.0</length>
            </link>
            <link head="10" tail="21">
                <length>117.0</length>
            </link>
            <link head="10" tail="22">
                <length>40.0</length>
            </link>
            <link head="10" tail="23">
                <length>83.0</length>
            </link>
            <link head="10" tail="24">
                <length>61.0</length>
            </link>
            <link head="10" tail="25">
                <length>16.0</length>
            </link>
            <link head="10" tail="26">
                <length>82.0</length>
            </link>
            <link head="10" tail="27">
                <length>56.0</length>
            </link>
            <link head="10" tail="28">
                <length>70.0</length>
            </link>
            <link head="10" tail="29">
                <length>21.0</length>
            </link>
            <link head="10" tail="30">
                <length>85.0</length>
            </link>
            <link head="10" tail="31">
                <length>122.0</length>
            </link>
            <link head="11" tail="12">
                <length>102.0</length>
            </link>
            <link head="11" tail="13">
                <length>80.0</length>
            </link>
            <link head="11" tail="14">
                <length>74.0</length>
            </link>
            <link head="11" tail="15">
                <length>55.0</length>
            </link>
            <link head="11" tail="16">
                <length>93.0</length>
            </link>
            <link head="11" tail="17">
                <length>86.0</length>
            </link>
            <link head="11" tail="18">
                <length>26.0</length>
            </link>
            <link head="11" tail="19">
                <length>88.0</length>
            </link>
            <link head="11" tail="20">
                <length>94.0</length>
            </link>
            <link head="11" tail="21">
                <length>93.0</length>
            </link>
            <link head="11" tail="22">
                <length>32.0</length>
            </link>
            <link head="11" tail="23">
                <length>37.0</length>
            </link>
            <link head="11" tail="24">
                <length>76.0</length>
            </link>
            <link head="11" tail="25">
                <length>87.0</length>
            </link>
            <link head="11" tail="26">
                <length>87.0</length>
            </link>
            <link head="11" tail="27">
                <length>79.0</length>
            </link>
            <link head="11" tail="28">
                <length>19.0</length>
            </link>
            <link head="11" tail="29">
                <length>62.0</length>
            </link>
            <link head="11" tail="30">
                <length>94.0</length>
            </link>
            <link head="11" tail="31">
                <length>93.0</length>
            </link>
            <link head="12" tail="13">
                <length>30.0</length>
            </link>
            <link head="12" tail="14">
                <length>38.0</length>
            </link>
            <link head="12" tail="15">
                <length>98.0</length>
            </link>
            <link head="12" tail="16">
                <length>10.0</length>
            </link>
            <link head="12" tail="17">
                <length>50.0</length>
            </link>
            <link head="12" tail="18">
                <length>81.0</length>
            </link>
            <link head="12" tail="19">
                <length>49.0</length>
            </link>
            <link head="12" tail="20">
                <length>63.0</length>
            </link>
            <link head="12" tail="21">
                <length>38.0</length>
            </link>
            <link head="12" tail="22">
                <length>94.0</length>
            </link>
            <link head="12" tail="23">
                <length>71.0</length>
            </link>
            <link head="12" tail="24">
                <length>38.0</length>
            </link>
            <link head="12" tail="25">
                <length>100.0</length>
            </link>
            <link head="12" tail="26">
                <length>18.0</length>
            </link>
            <link head="12" tail="27">
                <length>44.0</length>
            </link>
            <link head="12" tail="28">
                <length>84.0</length>
            </link>
            <link head="12" tail="29">
                <length>80.0</length>
            </link>
            <link head="12" tail="30">
                <length>15.0</length>
            </link>
            <link head="12" tail="31">
                <length>47.0</length>
            </link>
            <link head="13" tail="14">
                <length>41.0</length>
            </link>
            <link head="13" tail="15">
                <length>92.0</length>
            </link>
            <link head="13" tail="16">
                <length>26.0</length>
            </link>
            <link head="13" tail="17">
                <length>24.0</length>
            </link>
            <link head="13" tail="18">
                <length>65.0</length>
            </link>
            <link head="13" tail="19">
                <length>24.0</length>
            </link>
            <link head="13" tail="20">
                <length>76.0</length>
            </link>
            <link head="13" tail="21">
                <length>18.0</length>
            </link>
            <link head="13" tail="22">
                <length>81.0</length>
            </link>
            <link head="13" tail="23">
                <length>45.0</length>
            </link>
            <link head="13" tail="24">
                <length>44.0</length>
            </link>
            <link head="13" tail="25">
                <length>104.0</length>
            </link>
            <link head="13" tail="26">
                <length>30.0</length>
            </link>
            <link head="13" tail="27">
                <length>52.0</length>
            </link>
            <link head="13" tail="28">
                <length>62.0</length>
            </link>
            <link head="13" tail="29">
                <length>78.0</length>
            </link>
            <link head="13" tail="30">
                <length>35.0</length>
            </link>
            <link head="13" tail="31">
                <length>24.0</length>
            </link>
            <link head="14" tail="15">
                <length>60.0</length>
            </link>
            <link head="14" tail="16">
                <length>28.0</length>
            </link>
            <link head="14" tail="17">
                <length>64.0</length>
            </link>
            <link head="14" tail="18">
                <length>50.0</length>
            </link>
            <link head="14" tail="19">
                <length>64.0</length>
            </link>
            <link head="14" tail="20">
                <length>36.0</length>
            </link>
            <link head="14" tail="21">
                <length>58.0</length>
            </link>
            <link head="14" tail="22">
                <length>59.0</length>
            </link>
            <link head="14" tail="23">
                <length>53.0</length>
            </link>
            <link head="14" tail="24">
                <length>3.0</length>
            </link>
            <link head="14" tail="25">
                <length>64.0</length>
            </link>
            <link head="14" tail="26">
                <length>19.0</length>
            </link>
            <link head="14" tail="27">
                <length>11.0</length>
            </link>
            <link head="14" tail="28">
                <length>58.0</length>
            </link>
            <link head="14" tail="29">
                <length>42.0</length>
            </link>
            <link head="14" tail="30">
                <length>24.0</length>
            </link>
            <link head="14" tail="31">
                <length>65.0</length>
            </link>
            <link head="15" tail="16">
                <length>88.0</length>
            </link>
            <link head="15" tail="17">
                <length>110.0</length>
            </link>
            <link head="15" tail="18">
                <length>38.0</length>
            </link>
            <link head="15" tail="19">
                <length>111.0</length>
            </link>
            <link head="15" tail="20">
                <length>56.0</length>
            </link>
            <link head="15" tail="21">
                <length>110.0</length>
            </link>
            <link head="15" tail="22">
                <length>23.0</length>
            </link>
            <link head="15" tail="23">
                <length>69.0</length>
            </link>
            <link head="15" tail="24">
                <length>60.0</length>
            </link>
            <link head="15" tail="25">
                <length>33.0</length>
            </link>
            <link head="15" tail="26">
                <length>80.0</length>
            </link>
            <link head="15" tail="27">
                <length>56.0</length>
            </link>
            <link head="15" tail="28">
                <length>55.0</length>
            </link>
            <link head="15" tail="29">
                <length>20.0</length>
            </link>
            <link head="15" tail="30">
                <length>84.0</length>
            </link>
            <link head="15" tail="31">
                <length>114.0</length>
            </link>
            <link head="16" tail="17">
                <length>49.0</length>
            </link>
            <link head="16" tail="18">
                <length>72.0</length>
            </link>
            <link head="16" tail="19">
                <length>48.0</length>
            </link>
            <link head="16" tail="20">
                <length>57.0</length>
            </link>
            <link head="16" tail="21">
                <length>38.0</length>
            </link>
            <link head="16" tail="22">
                <length>83.0</length>
            </link>
            <link head="16" tail="23">
                <length>62.0</length>
            </link>
            <link head="16" tail="24">
                <length>29.0</length>
            </link>
            <link head="16" tail="25">
                <length>91.0</length>
            </link>
            <link head="16" tail="26">
                <length>9.0</length>
            </link>
            <link head="16" tail="27">
                <length>36.0</length>
            </link>
            <link head="16" tail="28">
                <length>74.0</length>
            </link>
            <link head="16" tail="29">
                <length>71.0</length>
            </link>
            <link head="16" tail="30">
                <length>9.0</length>
            </link>
            <link head="16" tail="31">
                <length>47.0</length>
            </link>
            <link head="17" tail="18">
                <length>78.0</length>
            </link>
            <link head="17" tail="19">
                <length>2.0</length>
            </link>
            <link head="17" tail="20">
                <length>100.0</length>
            </link>
            <link head="17" tail="21">
                <length>14.0</length>
            </link>
            <link head="17" tail="22">
                <length>95.0</length>
            </link>
            <link head="17" tail="23">
                <length>49.0</length>
            </link>
            <link head="17" tail="24">
                <length>67.0</length>
            </link>
            <link head="17" tail="25">
                <length>125.0</length>
            </link>
            <link head="17" tail="26">
                <length>54.0</length>
            </link>
            <link head="17" tail="27">
                <length>75.0</length>
            </link>
            <link head="17" tail="28">
                <length>69.0</length>
            </link>
            <link head="17" tail="29">
                <length>98.0</length>
            </link>
            <link head="17" tail="30">
                <length>58.0</length>
            </link>
            <link head="17" tail="31">
                <length>8.0</length>
            </link>
            <link head="18" tail="19">
                <length>79.0</length>
            </link>
            <link head="18" tail="20">
                <length>68.0</length>
            </link>
            <link head="18" tail="21">
                <length>81.0</length>
            </link>
            <link head="18" tail="22">
                <length>17.0</length>
            </link>
            <link head="18" tail="23">
                <length>33.0</length>
            </link>
            <link head="18" tail="24">
                <length>52.0</length>
            </link>
            <link head="18" tail="25">
                <length>66.0</length>
            </link>
            <link head="18" tail="26">
                <length>65.0</length>
            </link>
            <link head="18" tail="27">
                <length>53.0</length>
            </link>
            <link head="18" tail="28">
                <length>17.0</length>
            </link>
            <link head="18" tail="29">
                <length>38.0</length>
            </link>
            <link head="18" tail="30">
                <length>72.0</length>
            </link>
            <link head="18" tail="31">
                <length>83.0</length>
            </link>
            <link head="19" tail="20">
                <length>100.0</length>
            </link>
            <link head="19" tail="21">
                <length>12.0</length>
            </link>
            <link head="19" tail="22">
                <length>96.0</length>
            </link>
            <link head="19" tail="23">
                <length>51.0</length>
            </link>
            <link head="19" tail="24">
                <length>67.0</length>
            </link>
            <link head="19" tail="25">
                <length>126.0</length>
            </link>
            <link head="19" tail="26">
                <length>54.0</length>
            </link>
            <link head="19" tail="27">
                <length>75.0</length>
            </link>
            <link head="19" tail="28">
                <length>71.0</length>
            </link>
            <link head="19" tail="29">
                <length>99.0</length>
            </link>
            <link head="19" tail="30">
                <length>58.0</length>
            </link>
            <link head="19" tail="31">
                <length>5.0</length>
            </link>
            <link head="20" tail="21">
                <length>92.0</length>
            </link>
            <link head="20" tail="22">
                <length>68.0</length>
            </link>
            <link head="20" tail="23">
                <length>84.0</length>
            </link>
            <link head="20" tail="24">
                <length>33.0</length>
            </link>
            <link head="20" tail="25">
                <length>41.0</length>
            </link>
            <link head="20" tail="26">
                <length>48.0</length>
            </link>
            <link head="20" tail="27">
                <length>25.0</length>
            </link>
            <link head="20" tail="28">
                <length>83.0</length>
            </link>
            <link head="20" tail="29">
                <length>38.0</length>
            </link>
            <link head="20" tail="30">
                <length>48.0</length>
            </link>
            <link head="20" tail="31">
                <length>100.0</length>
            </link>
            <link head="21" tail="22">
                <length>97.0</length>
            </link>
            <link head="21" tail="23">
                <length>56.0</length>
            </link>
            <link head="21" tail="24">
                <length>61.0</length>
            </link>
            <link head="21" tail="25">
                <length>122.0</length>
            </link>
            <link head="21" tail="26">
                <length>45.0</length>
            </link>
            <link head="21" tail="27">
                <length>69.0</length>
            </link>
            <link head="21" tail="28">
                <length>75.0</length>
            </link>
            <link head="21" tail="29">
                <length>96.0</length>
            </link>
            <link head="21" tail="30">
                <length>48.0</length>
            </link>
            <link head="21" tail="31">
                <length>9.0</length>
            </link>
            <link head="22" tail="23">
                <length>50.0</length>
            </link>
            <link head="22" tail="24">
                <length>59.0</length>
            </link>
            <link head="22" tail="25">
                <length>55.0</length>
            </link>
            <link head="22" tail="26">
                <length>76.0</length>
            </link>
            <link head="22" tail="27">
                <length>59.0</length>
            </link>
            <link head="22" tail="28">
                <length>32.0</length>
            </link>
            <link head="22" tail="29">
                <length>32.0</length>
            </link>
            <link head="22" tail="30">
                <length>82.0</length>
            </link>
            <link head="22" tail="31">
                <length>100.0</length>
            </link>
            <link head="23" tail="24">
                <length>56.0</length>
            </link>
            <link head="23" tail="25">
                <length>94.0</length>
            </link>
            <link head="23" tail="26">
                <length>60.0</length>
            </link>
            <link head="23" tail="27">
                <length>62.0</length>
            </link>
            <link head="23" tail="28">
                <length>20.0</length>
            </link>
            <link head="23" tail="29">
                <length>65.0</length>
            </link>
            <link head="23" tail="30">
                <length>67.0</length>
            </link>
            <link head="23" tail="31">
                <length>56.0</length>
            </link>
            <link head="24" tail="25">
                <length>63.0</length>
            </link>
            <link head="24" tail="26">
                <length>20.0</length>
            </link>
            <link head="24" tail="27">
                <length>8.0</length>
            </link>
            <link head="24" tail="28">
                <length>60.0</length>
            </link>
            <link head="24" tail="29">
                <length>42.0</length>
            </link>
            <link head="24" tail="30">
                <length>24.0</length>
            </link>
            <link head="24" tail="31">
                <length>68.0</length>
            </link>
            <link head="25" tail="26">
                <length>82.0</length>
            </link>
            <link head="25" tail="27">
                <length>56.0</length>
            </link>
            <link head="25" tail="28">
                <length>83.0</length>
            </link>
            <link head="25" tail="29">
                <length>29.0</length>
            </link>
            <link head="25" tail="30">
                <length>85.0</length>
            </link>
            <link head="25" tail="31">
                <length>128.0</length>
            </link>
            <link head="26" tail="27">
                <length>27.0</length>
            </link>
            <link head="26" tail="28">
                <length>70.0</length>
            </link>
            <link head="26" tail="29">
                <length>62.0</length>
            </link>
            <link head="26" tail="30">
                <length>7.0</length>
            </link>
            <link head="26" tail="31">
                <length>53.0</length>
            </link>
            <link head="27" tail="28">
                <length>64.0</length>
            </link>
            <link head="27" tail="29">
                <length>37.0</length>
            </link>
            <link head="27" tail="30">
                <length>29.0</length>
            </link>
            <link head="27" tail="31">
                <length>76.0</length>
            </link>
            <link head="28" tail="29">
                <length>55.0</length>
            </link>
            <link head="28" tail="30">
                <length>77.0</length>
            </link>
            <link head="28" tail="31">
                <length>76.0</length>
            </link>
            <link head="29" tail="30">
                <length>66.0</length>
            </link>
            <link head="29" tail="31">
                <length>102.0</length>
            </link>
            <link head="30" tail="31">
                <length>57.0</length>
            </link>
        </links>
        <descriptor>
            <custom>
                <distancePrecision>20.0</distancePrecision>
            </custom>
        </descriptor>
    </network>
    <fleet>
        <vehicle>
            <number>5</number>
            <capacity>100.0</capacity>
            <custom>
                <capacityPrecision>20.0</capacityPrecision>
            </custom>
        </vehicle>
    </fleet>
    <requests>
        <request node="0" id="0">
            <demand type="1">
                <PoissonVariable>
                    <lambda>0.0</lambda>
                </PoissonVariable>
            </demand>
            <custom>
                <demandPrecision>8.0</demandPrecision>
            </custom>
        </request>
        <request node="1" id="1">
            <demand type="1">
                <PoissonVariable>
                    <lambda>19.0</lambda>
                </PoissonVariable>
            </demand>
            <custom>
                <demandPrecision>8.0</demandPrecision>
            </custom>
        </request>
        <request node="2" id="2">
            <demand type="1">
                <PoissonVariable>
                    <lambda>21.0</lambda>
                </PoissonVariable>
            </demand>
            <custom>
                <demandPrecision>8.0</demandPrecision>
            </custom>
        </request>
        <request node="3" id="3">
            <demand type="1">
                <PoissonVariable>
                    <lambda>6.0</lambda>
                </PoissonVariable>
            </demand>
            <custom>
                <demandPrecision>8.0</demandPrecision>
            </custom>
        </request>
        <request node="4" id="4">
            <demand type="1">
                <PoissonVariable>
                    <lambda>19.0</lambda>
                </PoissonVariable>
            </demand>
            <custom>
                <demandPrecision>8.0</demandPrecision>
            </custom>
        </request>
        <request node="5" id="5">
            <demand type="1">
                <PoissonVariable>
                    <lambda>7.0</lambda>
                </PoissonVariable>
            </demand>
            <custom>
                <demandPrecision>8.0</demandPrecision>
            </custom>
        </request>
        <request node="6" id="6">
            <demand type="1">
                <PoissonVariable>
                    <lambda>12.0</lambda>
                </PoissonVariable>
            </demand>
            <custom>
                <demandPrecision>8.0</demandPrecision>
            </custom>
        </request>
        <request node="7" id="7">
            <demand type="1">
                <PoissonVariable>
                    <lambda>16.0</lambda>
                </PoissonVariable>
            </demand>
            <custom>
                <demandPrecision>8.0</demandPrecision>
            </custom>
        </request>
        <request node="8" id="8">
            <demand type="1">
                <PoissonVariable>
                    <lambda>6.0</lambda>
                </PoissonVariable>
            </demand>
            <custom>
                <demandPrecision>8.0</demandPrecision>
            </custom>
        </request>
        <request node="9" id="9">
            <demand type="1">
                <PoissonVariable>
                    <lambda>16.0</lambda>
                </PoissonVariable>
            </demand>
            <custom>
                <demandPrecision>8.0</demandPrecision>
            </custom>
        </request>
        <request node="10" id="10">
            <demand type="1">
                <PoissonVariable>
                    <lambda>8.0</lambda>
                </PoissonVariable>
            </demand>
            <custom>
                <demandPrecision>8.0</demandPrecision>
            </custom>
        </request>
        <request node="11" id="11">
            <demand type="1">
                <PoissonVariable>
                    <lambda>14.0</lambda>
                </PoissonVariable>
            </demand>
            <custom>
                <demandPrecision>8.0</demandPrecision>
            </custom>
        </request>
        <request node="12" id="12">
            <demand type="1">
                <PoissonVariable>
                    <lambda>21.0</lambda>
                </PoissonVariable>
            </demand>
            <custom>
                <demandPrecision>8.0</demandPrecision>
            </custom>
        </request>
        <request node="13" id="13">
            <demand type="1">
                <PoissonVariable>
                    <lambda>16.0</lambda>
                </PoissonVariable>
            </demand>
            <custom>
                <demandPrecision>8.0</demandPrecision>
            </custom>
        </request>
        <request node="14" id="14">
            <demand type="1">
                <PoissonVariable>
                    <lambda>3.0</lambda>
                </PoissonVariable>
            </demand>
            <custom>
                <demandPrecision>8.0</demandPrecision>
            </custom>
        </request>
        <request node="15" id="15">
            <demand type="1">
                <PoissonVariable>
                    <lambda>22.0</lambda>
                </PoissonVariable>
            </demand>
            <custom>
                <demandPrecision>8.0</demandPrecision>
            </custom>
        </request>
        <request node="16" id="16">
            <demand type="1">
                <PoissonVariable>
                    <lambda>18.0</lambda>
                </PoissonVariable>
            </demand>
            <custom>
                <demandPrecision>8.0</demandPrecision>
            </custom>
        </request>
        <request node="17" id="17">
            <demand type="1">
                <PoissonVariable>
                    <lambda>19.0</lambda>
                </PoissonVariable>
            </demand>
            <custom>
                <demandPrecision>8.0</demandPrecision>
            </custom>
        </request>
        <request node="18" id="18">
            <demand type="1">
                <PoissonVariable>
                    <lambda>1.0</lambda>
                </PoissonVariable>
            </demand>
            <custom>
                <demandPrecision>8.0</demandPrecision>
            </custom>
        </request>
        <request node="19" id="19">
            <demand type="1">
                <PoissonVariable>
                    <lambda>24.0</lambda>
                </PoissonVariable>
            </demand>
            <custom>
                <demandPrecision>8.0</demandPrecision>
            </custom>
        </request>
        <request node="20" id="20">
            <demand type="1">
                <PoissonVariable>
                    <lambda>8.0</lambda>
                </PoissonVariable>
            </demand>
            <custom>
                <demandPrecision>8.0</demandPrecision>
            </custom>
        </request>
        <request node="21" id="21">
            <demand type="1">
                <PoissonVariable>
                    <lambda>12.0</lambda>
                </PoissonVariable>
            </demand>
            <custom>
                <demandPrecision>8.0</demandPrecision>
            </custom>
        </request>
        <request node="22" id="22">
            <demand type="1">
                <PoissonVariable>
                    <lambda>4.0</lambda>
                </PoissonVariable>
            </demand>
            <custom>
                <demandPrecision>8.0</demandPrecision>
            </custom>
        </request>
        <request node="23" id="23">
            <demand type="1">
                <PoissonVariable>
                    <lambda>8.0</lambda>
                </PoissonVariable>
            </demand>
            <custom>
                <demandPrecision>8.0</demandPrecision>
            </custom>
        </request>
        <request node="24" id="24">
            <demand type="1">
                <PoissonVariable>
                    <lambda>24.0</lambda>
                </PoissonVariable>
            </demand>
            <custom>
                <demandPrecision>8.0</demandPrecision>
            </custom>
        </request>
        <request node="25" id="25">
            <demand type="1">
                <PoissonVariable>
                    <lambda>24.0</lambda>
                </PoissonVariable>
            </demand>
            <custom>
                <demandPrecision>8.0</demandPrecision>
            </custom>
        </request>
        <request node="26" id="26">
            <demand type="1">
                <PoissonVariable>
                    <lambda>2.0</lambda>
                </PoissonVariable>
            </demand>
            <custom>
                <demandPrecision>8.0</demandPrecision>
            </custom>
        </request>
        <request node="27" id="27">
            <demand type="1">
                <PoissonVariable>
                    <lambda>20.0</lambda>
                </PoissonVariable>
            </demand>
            <custom>
                <demandPrecision>8.0</demandPrecision>
            </custom>
        </request>
        <request node="28" id="28">
            <demand type="1">
                <PoissonVariable>
                    <lambda>15.0</lambda>
                </PoissonVariable>
            </demand>
            <custom>
                <demandPrecision>8.0</demandPrecision>
            </custom>
        </request>
        <request node="29" id="29">
            <demand type="1">
                <PoissonVariable>
                    <lambda>2.0</lambda>
                </PoissonVariable>
            </demand>
            <custom>
                <demandPrecision>8.0</demandPrecision>
            </custom>
        </request>
        <request node="30" id="30">
            <demand type="1">
                <PoissonVariable>
                    <lambda>14.0</lambda>
                </PoissonVariable>
            </demand>
            <custom>
                <demandPrecision>8.0</demandPrecision>
            </custom>
        </request>
        <request node="31" id="31">
            <demand type="1">
                <PoissonVariable>
                    <lambda>9.0</lambda>
                </PoissonVariable>
            </demand>
            <custom>
                <demandPrecision>8.0</demandPrecision>
            </custom>
        </request>
    </requests>
</instance>
